b,AvgB,Th,AvgL,AvgTime
3,0,1,3.0,2.3336
3,0,1,4.0,2.36995
3,0,1,5.0,2.20264
3,0,1,6.0,2.43173333333
3,0,1,7.0,2.56825714286
3,0,1,8.0,2.672775
3,0,1,9.0,2.78242222222
3,0,1,10.0,2.7512
3,0,1,11.0,2.63212727273
3,0,1,12.0,2.53985
3,0,1,13.0,2.46001538462
3,0,1,14.0,2.395
3,0,1,15.0,2.47482666667
3,0,1,16.0,2.5404375
3,0,1,17.0,2.59984705882
3,0,1,18.0,2.62323333333
3,0,1,19.0,2.66576842105
3,0,1,20.0,2.72153
3,0,1,21.0,2.76716190476
3,0,1,22.0,2.80970909091
3,0,1,23.0,2.81876521739
3,0,1,24.0,2.852275
3,0,1,25.0,2.890984
3,0,1,26.0,2.91266923077
3,0,1,27.0,2.92700740741
3,0,1,28.0,2.90945
3,0,1,29.0,2.86167586207
3,0,1,30.0,2.81583333333
3,0,1,31.0,2.77546451613
3,0,1,32.0,2.73400625
3,0,1,33.0,2.69484848485
3,0,1,34.0,2.66246470588
3,0,1,35.0,2.62555428571
3,0,1,36.0,2.60241111111
3,0,1,37.0,2.56248648649
3,0,1,38.0,2.54112105263
3,0,1,39.0,2.50866153846
3,0,1,40.0,2.48432
3,0,1,41.0,2.46265853659
3,0,1,42.0,2.48423333333
3,0,1,43.0,2.51595348837
3,0,1,44.0,2.53022727273
3,0,1,45.0,2.56018666667
3,0,1,46.0,2.55600434783
3,0,1,47.0,2.58269361702
3,0,1,48.0,2.6055125
3,0,1,49.0,2.62253469388
3,0,1,50.0,2.633944
3,0,1,51.0,2.6726745098
3,0,1,52.0,2.69299230769
3,0,1,53.0,2.69113207547
3,0,1,54.0,2.73371111111
3,0,1,55.0,2.71706545455
3,0,1,56.0,2.71680714286
3,0,1,57.0,2.73985964912
3,0,1,58.0,2.76677586207
3,0,1,59.0,2.78477966102
3,0,1,60.0,2.79651333333
3,0,1,61.0,2.80089180328
3,0,1,62.0,2.81846774194
3,0,1,63.0,2.82177142857
3,0,2,3.0,3.3336
3,0,2,4.0,3.85995
3,0,2,5.0,3.99404
3,0,2,6.0,3.92813333333
3,0,2,7.0,3.86045714286
3,0,2,8.0,3.808775
3,0,2,9.0,3.78242222222
3,0,2,10.0,3.9542
3,0,2,11.0,4.08232727273
3,0,2,12.0,4.20465
3,0,2,13.0,4.30581538462
3,0,2,14.0,4.325
3,0,2,15.0,4.27322666667
3,0,2,16.0,4.2176375
3,0,2,17.0,4.17824705882
3,0,2,18.0,4.13143333333
3,0,2,19.0,4.09496842105
3,0,2,20.0,4.07053
3,0,2,21.0,4.05436190476
3,0,2,22.0,4.02650909091
3,0,2,23.0,3.99216521739
3,0,2,24.0,3.976075
3,0,2,25.0,3.965984
3,0,2,26.0,3.94966923077
3,0,2,27.0,3.92700740741
3,0,2,28.0,3.98125
3,0,2,29.0,4.03207586207
3,0,2,30.0,4.08803333333
3,0,2,31.0,4.12966451613
3,0,2,32.0,4.16300625
3,0,2,33.0,4.20624848485
3,0,2,34.0,4.25266470588
3,0,2,35.0,4.27735428571
3,0,2,36.0,4.33741111111
3,0,2,37.0,4.34008648649
3,0,2,38.0,4.37992105263
3,0,2,39.0,4.39706153846
3,0,2,40.0,4.43212
3,0,2,41.0,4.43745853659
3,0,2,42.0,4.41263333333
3,0,2,43.0,4.39415348837
3,0,2,44.0,4.37182727273
3,0,2,45.0,4.35678666667
3,0,2,46.0,4.32880434783
3,0,2,47.0,4.31369361702
3,0,2,48.0,4.2989125
3,0,2,49.0,4.28253469388
3,0,2,50.0,4.260144
3,0,2,51.0,4.2578745098
3,0,2,52.0,4.24419230769
3,0,2,53.0,4.22193207547
3,0,2,54.0,4.22111111111
3,0,2,55.0,4.19366545455
3,0,2,56.0,4.18160714286
3,0,2,57.0,4.17045964912
3,0,2,58.0,4.16157586207
3,0,2,59.0,4.15597966102
3,0,2,60.0,4.14451333333
3,0,2,61.0,4.12549180328
3,0,2,62.0,4.11786774194
3,0,2,63.0,4.10877142857
3,0,4,3.0,6.0006
3,0,4,4.0,6.11455
3,0,4,5.0,5.99404
3,0,4,6.0,5.92813333333
3,0,4,7.0,6.42985714286
3,0,4,8.0,6.557775
3,0,4,9.0,6.67402222222
3,0,4,10.0,6.6488
3,0,4,11.0,6.53892727273
3,0,4,12.0,6.45825
3,0,4,13.0,6.38441538462
3,0,4,14.0,6.325
3,0,4,15.0,6.27322666667
3,0,4,16.0,6.2176375
3,0,4,17.0,6.17824705882
3,0,4,18.0,6.13143333333
3,0,4,19.0,6.34456842105
3,0,4,20.0,6.61713
3,0,4,21.0,6.82316190476
3,0,4,22.0,6.93630909091
3,0,4,23.0,6.90056521739
3,0,4,24.0,6.895675
3,0,4,25.0,6.886584
3,0,4,26.0,6.87446923077
3,0,4,27.0,6.89180740741
3,0,4,28.0,6.87725
3,0,4,29.0,6.82387586207
3,0,4,30.0,6.78363333333
3,0,4,31.0,6.74046451613
3,0,4,32.0,6.70020625
3,0,4,33.0,6.66584848485
3,0,4,34.0,6.63306470588
3,0,4,35.0,6.59375428571
3,0,4,36.0,6.57621111111
3,0,4,37.0,6.53428648649
3,0,4,38.0,6.51292105263
3,0,4,39.0,6.48386153846
3,0,4,40.0,6.45812
3,0,4,41.0,6.43745853659
3,0,4,42.0,6.41263333333
3,0,4,43.0,6.39415348837
3,0,4,44.0,6.37182727273
3,0,4,45.0,6.35678666667
3,0,4,46.0,6.32880434783
3,0,4,47.0,6.31369361702
3,0,4,48.0,6.2989125
3,0,4,49.0,6.28253469388
3,0,4,50.0,6.260144
3,0,4,51.0,6.2578745098
3,0,4,52.0,6.24419230769
3,0,4,53.0,6.22193207547
3,0,4,54.0,6.22111111111
3,0,4,55.0,6.28226545455
3,0,4,56.0,6.37460714286
3,0,4,57.0,6.45765964912
3,0,4,58.0,6.55737586207
3,0,4,59.0,6.64857966102
3,0,4,60.0,6.72891333333
3,0,4,61.0,6.77849180328
3,0,4,62.0,6.86326774194
3,0,4,63.0,6.92837142857
3,3,1,3.0,1.33313333333
3,3,1,4.0,1.35537142857
3,3,1,5.0,1.371075
3,3,1,6.0,1.61573333333
3,3,1,7.0,1.79472
3,3,1,8.0,1.95912727273
3,3,1,9.0,2.08476666667
3,3,1,10.0,2.11236923077
3,3,1,11.0,2.07161428571
3,3,1,12.0,2.03244
3,3,1,13.0,2.002625
3,3,1,14.0,1.97041176471
3,3,1,15.0,2.04266666667
3,3,1,16.0,2.11783157895
3,3,1,17.0,2.1948
3,3,1,18.0,2.27026666667
3,3,1,19.0,2.32448181818
3,3,1,20.0,2.35103478261
3,3,1,21.0,2.41770833333
3,3,1,22.0,2.473128
3,3,1,23.0,2.51271538462
3,3,1,24.0,2.5375037037
3,3,1,25.0,2.56825714286
3,3,1,26.0,2.60495172414
3,3,1,27.0,2.63125333333
3,3,1,28.0,2.63590967742
3,3,1,29.0,2.59414375
3,3,1,30.0,2.55607272727
3,3,1,31.0,2.53180588235
3,3,1,32.0,2.49488
3,3,1,33.0,2.47693333333
3,3,1,34.0,2.44346486486
3,3,1,35.0,2.42284736842
3,3,1,36.0,2.4016974359
3,3,1,37.0,2.37146
3,3,1,38.0,2.35380487805
3,3,1,39.0,2.33316666667
3,3,1,40.0,2.31629302326
3,3,1,41.0,2.29084545455
3,3,1,42.0,2.32351555556
3,3,1,43.0,2.34042608696
3,3,1,44.0,2.37255744681
3,3,1,45.0,2.39624166667
3,3,1,46.0,2.4160122449
3,3,1,47.0,2.424352
3,3,1,48.0,2.47269803922
3,3,1,49.0,2.48961538462
3,3,1,50.0,2.49986037736
3,3,1,51.0,2.53943703704
3,3,1,52.0,2.53240727273
3,3,1,53.0,2.53761071429
3,3,1,54.0,2.56327368421
3,3,1,55.0,2.58351724138
3,3,1,56.0,2.61121016949
3,3,1,57.0,2.61436
3,3,1,58.0,2.63710163934
3,3,1,59.0,2.64771290323
3,3,1,60.0,2.65555555556
3,3,1,61.0,2.667490625
3,3,1,62.0,2.68253538462
3,3,1,63.0,2.70101515152
3,3,2,3.0,1.83313333333
3,3,2,4.0,2.20942857143
3,3,2,5.0,2.49745
3,3,2,6.0,2.614
3,3,2,7.0,2.69436
3,3,2,8.0,2.77876363636
3,3,2,9.0,2.83476666667
3,3,2,10.0,3.03190769231
3,3,2,11.0,3.21608571429
3,3,2,12.0,3.36492
3,3,2,13.0,3.5075375
3,3,2,14.0,3.56147058824
3,3,2,15.0,3.551
3,3,2,16.0,3.54738947368
3,3,2,17.0,3.54732
3,3,2,18.0,3.55272380952
3,3,2,19.0,3.5486
3,3,2,20.0,3.53451304348
3,3,2,21.0,3.53980833333
3,3,2,22.0,3.544792
3,3,2,23.0,3.54205384615
3,3,2,24.0,3.53928148148
3,3,2,25.0,3.53593571429
3,3,2,26.0,3.53413793103
3,3,2,27.0,3.53125333333
3,3,2,28.0,3.6076
3,3,2,29.0,3.658625
3,3,2,30.0,3.69898181818
3,3,2,31.0,3.77071176471
3,3,2,32.0,3.79993142857
3,3,2,33.0,3.87485
3,3,2,34.0,3.90087027027
3,3,2,35.0,3.95271578947
3,3,2,36.0,3.99234358974
3,3,2,37.0,4.02055
3,3,2,38.0,4.06250731707
3,3,2,39.0,4.10042380952
3,3,2,40.0,4.13043255814
3,3,2,41.0,4.12969545455
3,3,2,42.0,4.12522222222
3,3,2,43.0,4.10903478261
3,3,2,44.0,4.09585957447
3,3,2,45.0,4.08280416667
3,3,2,46.0,4.06900816327
3,3,2,47.0,4.05544
3,3,2,48.0,4.05180392157
3,3,2,49.0,4.04291538462
3,3,2,50.0,4.03118113208
3,3,2,51.0,4.02429259259
3,3,2,52.0,4.00674909091
3,3,2,53.0,3.99189285714
3,3,2,54.0,3.98735789474
3,3,2,55.0,3.98146551724
3,3,2,56.0,3.9778
3,3,2,57.0,3.96488
3,3,2,58.0,3.96045245902
3,3,2,59.0,3.9508516129
3,3,2,60.0,3.93955555556
3,3,2,61.0,3.935528125
3,3,2,62.0,3.92940307692
3,3,2,63.0,3.92607878788
3,3,4,3.0,3.16423333333
3,3,4,4.0,3.4996
3,3,4,5.0,3.74745
3,3,4,6.0,3.94733333333
3,3,4,7.0,4.49098
3,3,4,8.0,4.77250909091
3,3,4,9.0,5.00121666667
3,3,4,10.0,5.1096
3,3,4,11.0,5.14595714286
3,3,4,12.0,5.16444
3,3,4,13.0,5.19315
3,3,4,14.0,5.20852941176
3,3,4,15.0,5.21766666667
3,3,4,16.0,5.2316
3,3,4,17.0,5.24732
3,3,4,18.0,5.26700952381
3,3,4,19.0,5.50387272727
3,3,4,20.0,5.73990434783
3,3,4,21.0,5.95585833333
3,3,4,22.0,6.105064
3,3,4,23.0,6.12159230769
3,3,4,24.0,6.13768148148
3,3,4,25.0,6.14986428571
3,3,4,26.0,6.15816551724
3,3,4,27.0,6.19687333333
3,3,4,28.0,6.21449032258
3,3,4,29.0,6.18651875
3,3,4,30.0,6.16243636364
3,3,4,31.0,6.14895882353
3,3,4,32.0,6.12130285714
3,3,4,33.0,6.11481666667
3,3,4,34.0,6.09837297297
3,3,4,35.0,6.08053157895
3,3,4,36.0,6.07018974359
3,3,4,37.0,6.04667
3,3,4,38.0,6.03405853659
3,3,4,39.0,6.02832380952
3,3,4,40.0,6.01378139535
3,3,4,41.0,5.99333181818
3,3,4,42.0,5.99188888889
3,3,4,43.0,5.9786
3,3,4,44.0,5.9682
3,3,4,45.0,5.95780416667
3,3,4,46.0,5.94655918367
3,3,4,47.0,5.93544
3,3,4,48.0,5.93415686275
3,3,4,49.0,5.92753076923
3,3,4,50.0,5.91797358491
3,3,4,51.0,5.91318148148
3,3,4,52.0,5.89765818182
3,3,4,53.0,5.88475
3,3,4,54.0,5.88209473684
3,3,4,55.0,5.96013793103
3,3,4,56.0,6.05815254237
3,3,4,57.0,6.14285
3,3,4,58.0,6.24127868852
3,3,4,59.0,6.3207483871
3,3,4,60.0,6.40355555556
3,3,4,61.0,6.463978125
3,3,4,62.0,6.54828307692
3,3,4,63.0,6.62801515152
3,7,1,3.0,1.4038
3,7,1,4.0,1.41587272727
3,7,1,5.0,1.50731666667
3,7,1,6.0,1.60558461538
3,7,1,7.0,1.64412857143
3,7,1,8.0,1.63228
3,7,1,9.0,1.6276875
3,7,1,10.0,1.61808235294
3,7,1,11.0,1.60754444444
3,7,1,12.0,1.60445263158
3,7,1,13.0,1.59872
3,7,1,14.0,1.59624761905
3,7,1,15.0,1.682
3,7,1,16.0,1.75060869565
3,7,1,17.0,1.832975
3,7,1,18.0,1.909
3,7,1,19.0,1.97262307692
3,7,1,20.0,2.02217777778
3,7,1,21.0,2.05711428571
3,7,1,22.0,2.12466206897
3,7,1,23.0,2.15052666667
3,7,1,24.0,2.21618064516
3,7,1,25.0,2.25168125
3,7,1,26.0,2.28253939394
3,7,1,27.0,2.31881176471
3,7,1,28.0,2.32952571429
3,7,1,29.0,2.30455
3,7,1,30.0,2.28546486486
3,7,1,31.0,2.26737894737
3,7,1,32.0,2.24215384615
3,7,1,33.0,2.22241
3,7,1,34.0,2.20556097561
3,7,1,35.0,2.18813333333
3,7,1,36.0,2.17781860465
3,7,1,37.0,2.15515454545
3,7,1,38.0,2.14693777778
3,7,1,39.0,2.12394347826
3,7,1,40.0,2.11509787234
3,7,1,41.0,2.10286666667
3,7,1,42.0,2.13166530612
3,7,1,43.0,2.153024
3,7,1,44.0,2.19784313725
3,7,1,45.0,2.21305384615
3,7,1,46.0,2.23641509434
3,7,1,47.0,2.27148148148
3,7,1,48.0,2.27937818182
3,7,1,49.0,2.29727142857
3,7,1,50.0,2.31587368421
3,7,1,51.0,2.34417241379
3,7,1,52.0,2.37142033898
3,7,1,53.0,2.37646333333
3,7,1,54.0,2.40204918033
3,7,1,55.0,2.42209032258
3,7,1,56.0,2.43135873016
3,7,1,57.0,2.453390625
3,7,1,58.0,2.46545230769
3,7,1,59.0,2.48768484848
3,7,1,60.0,2.50484477612
3,7,1,61.0,2.51050588235
3,7,1,62.0,2.51944927536
3,7,1,63.0,2.54358857143
3,7,2,3.0,1.80334
3,7,2,4.0,1.88947272727
3,7,2,5.0,1.97323333333
3,7,2,6.0,2.06712307692
3,7,2,7.0,2.14412857143
3,7,2,8.0,2.16561333333
3,7,2,9.0,2.1901875
3,7,2,10.0,2.31808235294
3,7,2,11.0,2.49475555556
3,7,2,12.0,2.65742105263
3,7,2,13.0,2.79888
3,7,2,14.0,2.88304761905
3,7,2,15.0,2.909
3,7,2,16.0,2.93224347826
3,7,2,17.0,2.96021666667
3,7,2,18.0,2.98252
3,7,2,19.0,3.00315384615
3,7,2,20.0,3.0204
3,7,2,21.0,3.03076428571
3,7,2,22.0,3.05033103448
3,7,2,23.0,3.05841333333
3,7,2,24.0,3.0840516129
3,7,2,25.0,3.09418125
3,7,2,26.0,3.10240606061
3,7,2,27.0,3.11292941176
3,7,2,28.0,3.18888571429
3,7,2,29.0,3.24189444444
3,7,2,30.0,3.31811351351
3,7,2,31.0,3.37407894737
3,7,2,32.0,3.41975384615
3,7,2,33.0,3.471295
3,7,2,34.0,3.51779512195
3,7,2,35.0,3.55796666667
3,7,2,36.0,3.6226744186
3,7,2,37.0,3.65180454545
3,7,2,38.0,3.70105333333
3,7,2,39.0,3.72582608696
3,7,2,40.0,3.77092765957
3,7,2,41.0,3.78386666667
3,7,2,42.0,3.77909387755
3,7,2,43.0,3.778252
3,7,2,44.0,3.77632156863
3,7,2,45.0,3.77213076923
3,7,2,46.0,3.76205283019
3,7,2,47.0,3.76364444444
3,7,2,48.0,3.75201818182
3,7,2,49.0,3.74644642857
3,7,2,50.0,3.74166315789
3,7,2,51.0,3.74104482759
3,7,2,52.0,3.73646440678
3,7,2,53.0,3.72990666667
3,7,2,54.0,3.7288557377
3,7,2,55.0,3.7282516129
3,7,2,56.0,3.71633650794
3,7,2,57.0,3.71968125
3,7,2,58.0,3.71307692308
3,7,2,59.0,3.71095151515
3,7,2,60.0,3.7121880597
3,7,2,61.0,3.70341470588
3,7,2,62.0,3.69655072464
3,7,2,63.0,3.70134857143
3,7,4,3.0,2.40334
3,7,4,4.0,2.61674545455
3,7,4,5.0,2.80656666667
3,7,4,6.0,3.14527692308
3,7,4,7.0,3.57492857143
3,7,4,8.0,3.69574666667
3,7,4,9.0,3.8169375
3,7,4,10.0,3.90878823529
3,7,4,11.0,4.00065555556
3,7,4,12.0,4.07809473684
3,7,4,13.0,4.15153
3,7,4,14.0,4.21638095238
3,7,4,15.0,4.27263636364
3,7,4,16.0,4.32354782609
3,7,4,17.0,4.37688333333
3,7,4,18.0,4.42252
3,7,4,19.0,4.65907692308
3,7,4,20.0,4.91551111111
3,7,4,21.0,5.09206428571
3,7,4,22.0,5.25442758621
3,7,4,23.0,5.29002666667
3,7,4,24.0,5.34376774194
3,7,4,25.0,5.3755875
3,7,4,26.0,5.3986
3,7,4,27.0,5.4632
3,7,4,28.0,5.50056571429
3,7,4,29.0,5.49809444444
3,7,4,30.0,5.50357297297
3,7,4,31.0,5.50573684211
3,7,4,32.0,5.49696410256
3,7,4,33.0,5.500465
3,7,4,34.0,5.49858536585
3,7,4,35.0,5.49546666667
3,7,4,36.0,5.50371627907
3,7,4,37.0,5.49474090909
3,7,4,38.0,5.50292888889
3,7,4,39.0,5.49066086957
3,7,4,40.0,5.49535319149
3,7,4,41.0,5.4922
3,7,4,42.0,5.49337959184
3,7,4,43.0,5.498252
3,7,4,44.0,5.50181176471
3,7,4,45.0,5.5029
3,7,4,46.0,5.49790188679
3,7,4,47.0,5.50438518519
3,7,4,48.0,5.49747272727
3,7,4,49.0,5.49644642857
3,7,4,50.0,5.49604912281
3,7,4,51.0,5.49966551724
3,7,4,52.0,5.49917627119
3,7,4,53.0,5.49657333333
3,7,4,54.0,5.49934754098
3,7,4,55.0,5.5833483871
3,7,4,56.0,5.66318095238
3,7,4,57.0,5.7649125
3,7,4,58.0,5.84872615385
3,7,4,59.0,5.94097272727
3,7,4,60.0,6.03105373134
3,7,4,61.0,6.08151764706
3,7,4,62.0,6.15390724638
3,7,4,63.0,6.23862857143
4,0,1,3.0,1.9994
4,0,1,4.0,2.36915
4,0,1,5.0,2.40324
4,0,1,6.0,2.25133333333
4,0,1,7.0,2.15125714286
4,0,1,8.0,2.067375
4,0,1,9.0,2.10762222222
4,0,1,10.0,2.2574
4,0,1,11.0,2.37712727273
4,0,1,12.0,2.45505
4,0,1,13.0,2.54941538462
4,0,1,14.0,2.6154
4,0,1,15.0,2.66242666667
4,0,1,16.0,2.7188375
4,0,1,17.0,2.69624705882
4,0,1,18.0,2.64143333333
4,0,1,19.0,2.58056842105
4,0,1,20.0,2.52553
4,0,1,21.0,2.48136190476
4,0,1,22.0,2.42670909091
4,0,1,23.0,2.39716521739
4,0,1,24.0,2.354675
4,0,1,25.0,2.317184
4,0,1,26.0,2.28706923077
4,0,1,27.0,2.25480740741
4,0,1,28.0,2.23605
4,0,1,29.0,2.20667586207
4,0,1,30.0,2.18663333333
4,0,1,31.0,2.16206451613
4,0,1,32.0,2.14240625
4,0,1,33.0,2.15604848485
4,0,1,34.0,2.19266470588
4,0,1,35.0,2.22995428571
4,0,1,36.0,2.26461111111
4,0,1,37.0,2.29708648649
4,0,1,38.0,2.30972105263
4,0,1,39.0,2.36426153846
4,0,1,40.0,2.37372
4,0,1,41.0,2.42685853659
4,0,1,42.0,2.45763333333
4,0,1,43.0,2.46775348837
4,0,1,44.0,2.49702727273
4,0,1,45.0,2.49978666667
4,0,1,46.0,2.54060434783
4,0,1,47.0,2.57069361702
4,0,1,48.0,2.5905125
4,0,1,49.0,2.60873469388
4,0,1,50.0,2.609144
4,0,1,51.0,2.6252745098
4,0,1,52.0,2.64559230769
4,0,1,53.0,2.66793207547
4,0,1,54.0,2.66831111111
4,0,1,55.0,2.68726545455
4,0,1,56.0,2.71900714286
4,0,1,57.0,2.71465964912
4,0,1,58.0,2.74577586207
4,0,1,59.0,2.74517966102
4,0,1,60.0,2.76271333333
4,0,1,61.0,2.77229180328
4,0,1,62.0,2.78786774194
4,0,1,63.0,2.79817142857
4,0,2,3.0,3.3324
4,0,2,4.0,3.36915
4,0,2,5.0,3.40324
4,0,2,6.0,3.41533333333
4,0,2,7.0,3.73465714286
4,0,2,8.0,3.944775
4,0,2,9.0,3.89042222222
4,0,2,10.0,3.8524
4,0,2,11.0,3.82532727273
4,0,2,12.0,3.79445
4,0,2,13.0,3.77761538462
4,0,2,14.0,3.7586
4,0,2,15.0,3.73542666667
4,0,2,16.0,3.7188375
4,0,2,17.0,3.69624705882
4,0,2,18.0,3.64143333333
4,0,2,19.0,3.58056842105
4,0,2,20.0,3.52553
4,0,2,21.0,3.48136190476
4,0,2,22.0,3.47050909091
4,0,2,23.0,3.58316521739
4,0,2,24.0,3.651275
4,0,2,25.0,3.710384
4,0,2,26.0,3.78306923077
4,0,2,27.0,3.84240740741
4,0,2,28.0,3.91885
4,0,2,29.0,3.96747586207
4,0,2,30.0,4.02403333333
4,0,2,31.0,4.06966451613
4,0,2,32.0,4.11060625
4,0,2,33.0,4.09304848485
4,0,2,34.0,4.07506470588
4,0,2,35.0,4.05975428571
4,0,2,36.0,4.03981111111
4,0,2,37.0,4.02748648649
4,0,2,38.0,4.00752105263
4,0,2,39.0,4.00686153846
4,0,2,40.0,3.98252
4,0,2,41.0,3.98285853659
4,0,2,42.0,3.97263333333
4,0,2,43.0,3.95635348837
4,0,2,44.0,3.94542727273
4,0,2,45.0,3.92758666667
4,0,2,46.0,3.92080434783
4,0,2,47.0,3.92189361702
4,0,2,48.0,3.9121125
4,0,2,49.0,3.90413469388
4,0,2,50.0,3.891544
4,0,2,51.0,3.8762745098
4,0,2,52.0,3.87499230769
4,0,2,53.0,3.86973207547
4,0,2,54.0,3.85291111111
4,0,2,55.0,3.85206545455
4,0,2,56.0,3.85380714286
4,0,2,57.0,3.84305964912
4,0,2,58.0,3.84317586207
4,0,2,59.0,3.83557966102
4,0,2,60.0,3.82931333333
4,0,2,61.0,3.82509180328
4,0,2,62.0,3.81686774194
4,0,2,63.0,3.81257142857
4,0,4,3.0,5.3324
4,0,4,4.0,6.11375
4,0,4,5.0,6.21164
4,0,4,6.0,6.08053333333
4,0,4,7.0,6.01285714286
4,0,4,8.0,5.944775
4,0,4,9.0,5.89042222222
4,0,4,10.0,5.8524
4,0,4,11.0,5.82532727273
4,0,4,12.0,5.79445
4,0,4,13.0,5.77761538462
4,0,4,14.0,5.9796
4,0,4,15.0,6.33942666667
4,0,4,16.0,6.6574375
4,0,4,17.0,6.64324705882
4,0,4,18.0,6.58243333333
4,0,4,19.0,6.53076842105
4,0,4,20.0,6.47453
4,0,4,21.0,6.43456190476
4,0,4,22.0,6.37990909091
4,0,4,23.0,6.35296521739
4,0,4,24.0,6.315875
4,0,4,25.0,6.272784
4,0,4,26.0,6.24406923077
4,0,4,27.0,6.22040740741
4,0,4,28.0,6.19705
4,0,4,29.0,6.17387586207
4,0,4,30.0,6.15663333333
4,0,4,31.0,6.12846451613
4,0,4,32.0,6.11060625
4,0,4,33.0,6.09304848485
4,0,4,34.0,6.07506470588
4,0,4,35.0,6.05975428571
4,0,4,36.0,6.03981111111
4,0,4,37.0,6.02748648649
4,0,4,38.0,6.00752105263
4,0,4,39.0,6.00686153846
4,0,4,40.0,5.98252
4,0,4,41.0,5.98285853659
4,0,4,42.0,5.97263333333
4,0,4,43.0,5.95635348837
4,0,4,44.0,5.94542727273
4,0,4,45.0,5.92758666667
4,0,4,46.0,5.92080434783
4,0,4,47.0,5.92189361702
4,0,4,48.0,5.9121125
4,0,4,49.0,5.90413469388
4,0,4,50.0,5.891544
4,0,4,51.0,5.8762745098
4,0,4,52.0,5.87499230769
4,0,4,53.0,5.86973207547
4,0,4,54.0,5.90591111111
4,0,4,55.0,6.01046545455
4,0,4,56.0,6.11540714286
4,0,4,57.0,6.22085964912
4,0,4,58.0,6.31777586207
4,0,4,59.0,6.39837966102
4,0,4,60.0,6.48031333333
4,0,4,61.0,6.56449180328
4,0,4,62.0,6.64586774194
4,0,4,63.0,6.71637142857
4,3,1,3.0,1.50203333333
4,3,1,4.0,1.50268571429
4,3,1,5.0,1.504075
4,3,1,6.0,1.4992
4,3,1,7.0,1.50226
4,3,1,8.0,1.50516363636
4,3,1,9.0,1.58541666667
4,3,1,10.0,1.73775384615
4,3,1,11.0,1.85444285714
4,3,1,12.0,1.9662
4,3,1,13.0,2.0629125
4,3,1,14.0,2.14137647059
4,3,1,15.0,2.22733333333
4,3,1,16.0,2.29012631579
4,3,1,17.0,2.30173
4,3,1,18.0,2.26546666667
4,3,1,19.0,2.22706363636
4,3,1,20.0,2.20286086957
4,3,1,21.0,2.16763333333
4,3,1,22.0,2.136616
4,3,1,23.0,2.11322307692
4,3,1,24.0,2.08879259259
4,3,1,25.0,2.07682857143
4,3,1,26.0,2.04926896552
4,3,1,27.0,2.03689333333
4,3,1,28.0,2.01774193548
4,3,1,29.0,2.00109375
4,3,1,30.0,1.98989090909
4,3,1,31.0,1.97088823529
4,3,1,32.0,1.96166857143
4,3,1,33.0,1.97148333333
4,3,1,34.0,2.00550810811
4,3,1,35.0,2.04797894737
4,3,1,36.0,2.09080512821
4,3,1,37.0,2.12356
4,3,1,38.0,2.1712195122
4,3,1,39.0,2.21152380952
4,3,1,40.0,2.22457209302
4,3,1,41.0,2.25711363636
4,3,1,42.0,2.26844888889
4,3,1,43.0,2.30434347826
4,3,1,44.0,2.34185106383
4,3,1,45.0,2.36624166667
4,3,1,46.0,2.39066530612
4,3,1,47.0,2.398408
4,3,1,48.0,2.41302745098
4,3,1,49.0,2.43609230769
4,3,1,50.0,2.4700490566
4,3,1,51.0,2.46728148148
4,3,1,52.0,2.4944
4,3,1,53.0,2.53041785714
4,3,1,54.0,2.53693684211
4,3,1,55.0,2.56037931034
4,3,1,56.0,2.56716949153
4,3,1,57.0,2.59555
4,3,1,58.0,2.59887868852
4,3,1,59.0,2.61878387097
4,3,1,60.0,2.62812698413
4,3,1,61.0,2.6436625
4,3,1,62.0,2.65601846154
4,3,1,63.0,2.67295151515
4,3,2,3.0,2.00203333333
4,3,2,4.0,2.07411428571
4,3,2,5.0,2.129075
4,3,2,6.0,2.27546666667
4,3,2,7.0,2.60574
4,3,2,8.0,2.87112727273
4,3,2,9.0,2.91951666667
4,3,2,10.0,2.96652307692
4,3,2,11.0,2.99624285714
4,3,2,12.0,3.03868
4,3,2,13.0,3.05855
4,3,2,14.0,3.08316470588
4,3,2,15.0,3.11833333333
4,3,2,16.0,3.13223157895
4,3,2,17.0,3.15173
4,3,2,18.0,3.12260952381
4,3,2,19.0,3.0907
4,3,2,20.0,3.07242608696
4,3,2,21.0,3.04263333333
4,3,2,22.0,3.057272
4,3,2,23.0,3.15388461538
4,3,2,24.0,3.23705925926
4,3,2,25.0,3.33647142857
4,3,2,26.0,3.39033103448
4,3,2,27.0,3.47491333333
4,3,2,28.0,3.53985806452
4,3,2,29.0,3.59355625
4,3,2,30.0,3.65989090909
4,3,2,31.0,3.70670588235
4,3,2,32.0,3.7672
4,3,2,33.0,3.75018333333
4,3,2,34.0,3.74483783784
4,3,2,35.0,3.73313684211
4,3,2,36.0,3.73480512821
4,3,2,37.0,3.722515
4,3,2,38.0,3.72532682927
4,3,2,39.0,3.72453809524
4,3,2,40.0,3.71033953488
4,3,2,41.0,3.70814090909
4,3,2,42.0,3.70111555556
4,3,2,43.0,3.69473913043
4,3,2,44.0,3.6951787234
4,3,2,45.0,3.68999166667
4,3,2,46.0,3.68767755102
4,3,2,47.0,3.680568
4,3,2,48.0,3.6700627451
4,3,2,49.0,3.67485
4,3,2,50.0,3.67155849057
4,3,2,51.0,3.65765925926
4,3,2,52.0,3.66279272727
4,3,2,53.0,3.66329285714
4,3,2,54.0,3.66222105263
4,3,2,55.0,3.66094827586
4,3,2,56.0,3.65641694915
4,3,2,57.0,3.65651
4,3,2,58.0,3.65029508197
4,3,2,59.0,3.65204516129
4,3,2,60.0,3.64641269841
4,3,2,61.0,3.644825
4,3,2,62.0,3.64000615385
4,3,2,63.0,3.6400969697
4,3,4,3.0,3.00203333333
4,3,4,4.0,3.64691428571
4,3,4,5.0,3.881575
4,3,4,6.0,4.05853333333
4,3,4,7.0,4.20496
4,3,4,8.0,4.32567272727
4,3,4,9.0,4.41951666667
4,3,4,10.0,4.50498461538
4,3,4,11.0,4.56767142857
4,3,4,12.0,4.63868
4,3,4,13.0,4.68355
4,3,4,14.0,4.90662352941
4,3,4,15.0,5.29283333333
4,3,4,16.0,5.60397894737
4,3,4,17.0,5.65311
4,3,4,18.0,5.65100952381
4,3,4,19.0,5.63808181818
4,3,4,20.0,5.64216521739
4,3,4,21.0,5.62458333333
4,3,4,22.0,5.61772
4,3,4,23.0,5.61417692308
4,3,4,24.0,5.60968148148
4,3,4,25.0,5.6154
4,3,4,26.0,5.60248275862
4,3,4,27.0,5.60287333333
4,3,4,28.0,5.60210322581
4,3,4,29.0,5.59673125
4,3,4,30.0,5.5988
4,3,4,31.0,5.59095882353
4,3,4,32.0,5.59577142857
4,3,4,33.0,5.58351666667
4,3,4,34.0,5.58267567568
4,3,4,35.0,5.57524210526
4,3,4,36.0,5.58095897436
4,3,4,37.0,5.572515
4,3,4,38.0,5.57898536585
4,3,4,39.0,5.58168095238
4,3,4,40.0,5.57080465116
4,3,4,41.0,5.57177727273
4,3,4,42.0,5.56778222222
4,3,4,43.0,5.56430434783
4,3,4,44.0,5.56751914894
4,3,4,45.0,5.56499166667
4,3,4,46.0,5.56522857143
4,3,4,47.0,5.560568
4,3,4,48.0,5.55241568627
4,3,4,49.0,5.55946538462
4,3,4,50.0,5.5583509434
4,3,4,51.0,5.54654814815
4,3,4,52.0,5.55370181818
4,3,4,53.0,5.55615
4,3,4,54.0,5.61493684211
4,3,4,55.0,5.71662068966
4,3,4,56.0,5.81251186441
4,3,4,57.0,5.912
4,3,4,58.0,5.99729836066
4,3,4,59.0,6.09083870968
4,3,4,60.0,6.17365079365
4,3,4,61.0,6.258865625
4,3,4,62.0,6.33652923077
4,3,4,63.0,6.41782424242
4,7,1,3.0,1.66498
4,7,1,4.0,1.55165454545
4,7,1,5.0,1.49348333333
4,7,1,6.0,1.46315384615
4,7,1,7.0,1.45182857143
4,7,1,8.0,1.47537333333
4,7,1,9.0,1.55895
4,7,1,10.0,1.64443529412
4,7,1,11.0,1.7327
4,7,1,12.0,1.80377894737
4,7,1,13.0,1.87458
4,7,1,14.0,1.93598095238
4,7,1,15.0,1.95636363636
4,7,1,16.0,1.93968695652
4,7,1,17.0,1.91910833333
4,7,1,18.0,1.896904
4,7,1,19.0,1.88127692308
4,7,1,20.0,1.86602962963
4,7,1,21.0,1.86091428571
4,7,1,22.0,1.84609655172
4,7,1,23.0,1.83941333333
4,7,1,24.0,1.82366451613
4,7,1,25.0,1.814025
4,7,1,26.0,1.8065030303
4,7,1,27.0,1.79548823529
4,7,1,28.0,1.79064571429
4,7,1,29.0,1.77642777778
4,7,1,30.0,1.7693027027
4,7,1,31.0,1.76028421053
4,7,1,32.0,1.7592
4,7,1,33.0,1.77559
4,7,1,34.0,1.82608780488
4,7,1,35.0,1.86596666667
4,7,1,36.0,1.89969767442
4,7,1,37.0,1.93584545455
4,7,1,38.0,1.96588888889
4,7,1,39.0,2.00389130435
4,7,1,40.0,2.04190638298
4,7,1,41.0,2.06596666667
4,7,1,42.0,2.10269387755
4,7,1,43.0,2.116044
4,7,1,44.0,2.13848627451
4,7,1,45.0,2.17411153846
4,7,1,46.0,2.20117735849
4,7,1,47.0,2.21003333333
4,7,1,48.0,2.23713818182
4,7,1,49.0,2.27854642857
4,7,1,50.0,2.28692631579
4,7,1,51.0,2.3169137931
4,7,1,52.0,2.32558983051
4,7,1,53.0,2.36197666667
4,7,1,54.0,2.37265901639
4,7,1,55.0,2.3953
4,7,1,56.0,2.40735873016
4,7,1,57.0,2.42435625
4,7,1,58.0,2.44278769231
4,7,1,59.0,2.46426363636
4,7,1,60.0,2.46956119403
4,7,1,61.0,2.49274411765
4,7,1,62.0,2.50291594203
4,7,1,63.0,2.51496857143
4,7,2,3.0,1.96498
4,7,2,4.0,1.91529090909
4,7,2,5.0,1.91015
4,7,2,6.0,2.10136923077
4,7,2,7.0,2.28192857143
4,7,2,8.0,2.327
4,7,2,9.0,2.377275
4,7,2,10.0,2.43478823529
4,7,2,11.0,2.484
4,7,2,12.0,2.52617894737
4,7,2,13.0,2.56709
4,7,2,14.0,2.60264761905
4,7,2,15.0,2.63818181818
4,7,2,16.0,2.63533913043
4,7,2,17.0,2.62744166667
4,7,2,18.0,2.616904
4,7,2,19.0,2.61204615385
4,7,2,20.0,2.60677037037
4,7,2,21.0,2.61091428571
4,7,2,22.0,2.64310344828
4,7,2,23.0,2.7427
4,7,2,24.0,2.82206451613
4,7,2,25.0,2.912775
4,7,2,26.0,2.99430909091
4,7,2,27.0,3.0656
4,7,2,28.0,3.14232571429
4,7,2,29.0,3.19162777778
4,7,2,30.0,3.25551891892
4,7,2,31.0,3.31077368421
4,7,2,32.0,3.37446153846
4,7,2,33.0,3.376585
4,7,2,34.0,3.38461463415
4,7,2,35.0,3.3853
4,7,2,36.0,3.38641395349
4,7,2,37.0,3.38557272727
4,7,2,38.0,3.39232444444
4,7,2,39.0,3.39500434783
4,7,2,40.0,3.39952340426
4,7,2,41.0,3.39727083333
4,7,2,42.0,3.40349387755
4,7,2,43.0,3.395896
4,7,2,44.0,3.39723137255
4,7,2,45.0,3.40780384615
4,7,2,46.0,3.40689811321
4,7,2,47.0,3.40191851852
4,7,2,48.0,3.4038
4,7,2,49.0,3.41377142857
4,7,2,50.0,3.41183859649
4,7,2,51.0,3.41710689655
4,7,2,52.0,3.41741355932
4,7,2,53.0,3.41968
4,7,2,54.0,3.41866557377
4,7,2,55.0,3.4218483871
4,7,2,56.0,3.42246984127
4,7,2,57.0,3.423815625
4,7,2,58.0,3.42432615385
4,7,2,59.0,3.42918181818
4,7,2,60.0,3.42400895522
4,7,2,61.0,3.43052941176
4,7,2,62.0,3.42842318841
4,7,2,63.0,3.42810857143
4,7,4,3.0,2.56498
4,7,4,4.0,2.82976363636
4,7,4,5.0,2.98215
4,7,4,6.0,3.13567692308
4,7,4,7.0,3.28192857143
4,7,4,8.0,3.39366666667
4,7,4,9.0,3.502275
4,7,4,10.0,3.61125882353
4,7,4,11.0,3.70622222222
4,7,4,12.0,3.78933684211
4,7,4,13.0,3.86709
4,7,4,14.0,4.17798095238
4,7,4,15.0,4.45727272727
4,7,4,16.0,4.68
4,7,4,17.0,4.71164166667
4,7,4,18.0,4.741048
4,7,4,19.0,4.76693846154
4,7,4,20.0,4.79388148148
4,7,4,21.0,4.82476428571
4,7,4,22.0,4.84462068966
4,7,4,23.0,4.87280666667
4,7,4,24.0,4.88792258065
4,7,4,25.0,4.9109
4,7,4,26.0,4.92681818182
4,7,4,27.0,4.94416470588
4,7,4,28.0,4.96504571429
4,7,4,29.0,4.96755555556
4,7,4,30.0,4.98692432432
4,7,4,31.0,4.99652105263
4,7,4,32.0,5.01548717949
4,7,4,33.0,5.026585
4,7,4,34.0,5.04315121951
4,7,4,35.0,5.05196666667
4,7,4,36.0,5.06083255814
4,7,4,37.0,5.06739090909
4,7,4,38.0,5.08121333333
4,7,4,39.0,5.09065652174
4,7,4,40.0,5.10165106383
4,7,4,41.0,5.10560416667
4,7,4,42.0,5.11777959184
4,7,4,43.0,5.115896
4,7,4,44.0,5.12272156863
4,7,4,45.0,5.13857307692
4,7,4,46.0,5.14274716981
4,7,4,47.0,5.14265925926
4,7,4,48.0,5.14925454545
4,7,4,49.0,5.16377142857
4,7,4,50.0,5.1662245614
4,7,4,51.0,5.17572758621
4,7,4,52.0,5.18012542373
4,7,4,53.0,5.18634666667
4,7,4,54.0,5.24014754098
4,7,4,55.0,5.34471935484
4,7,4,56.0,5.44415873016
4,7,4,57.0,5.53584375
4,7,4,58.0,5.62422153846
4,7,4,59.0,5.72267272727
4,7,4,60.0,5.79051641791
4,7,4,61.0,5.88398529412
4,7,4,62.0,5.96952463768
4,7,4,63.0,6.04404857143
5,0,1,3.0,1.6666
5,0,1,4.0,2.12355
5,0,1,5.0,2.41264
5,0,1,6.0,2.41813333333
5,0,1,7.0,2.29105714286
5,0,1,8.0,2.189975
5,0,1,9.0,2.11022222222
5,0,1,10.0,2.0486
5,0,1,11.0,2.00532727273
5,0,1,12.0,1.95565
5,0,1,13.0,1.92721538462
5,0,1,14.0,2.04
5,0,1,15.0,2.14922666667
5,0,1,16.0,2.2158375
5,0,1,17.0,2.28144705882
5,0,1,18.0,2.37103333333
5,0,1,19.0,2.44776842105
5,0,1,20.0,2.48333
5,0,1,21.0,2.52196190476
5,0,1,22.0,2.57150909091
5,0,1,23.0,2.60456521739
5,0,1,24.0,2.651475
5,0,1,25.0,2.683984
5,0,1,26.0,2.67066923077
5,0,1,27.0,2.63280740741
5,0,1,28.0,2.58785
5,0,1,29.0,2.55327586207
5,0,1,30.0,2.51143333333
5,0,1,31.0,2.48166451613
5,0,1,32.0,2.44920625
5,0,1,33.0,2.42504848485
5,0,1,34.0,2.39566470588
5,0,1,35.0,2.36775428571
5,0,1,36.0,2.34821111111
5,0,1,37.0,2.32648648649
5,0,1,38.0,2.30692105263
5,0,1,39.0,2.27566153846
5,0,1,40.0,2.26032
5,0,1,41.0,2.24605853659
5,0,1,42.0,2.22543333333
5,0,1,43.0,2.20395348837
5,0,1,44.0,2.18922727273
5,0,1,45.0,2.17518666667
5,0,1,46.0,2.16500434783
5,0,1,47.0,2.14809361702
5,0,1,48.0,2.1311125
5,0,1,49.0,2.11853469388
5,0,1,50.0,2.117144
5,0,1,51.0,2.0952745098
5,0,1,52.0,2.08859230769
5,0,1,53.0,2.07073207547
5,0,1,54.0,2.05931111111
5,0,1,55.0,2.05246545455
5,0,1,56.0,2.03820714286
5,0,1,57.0,2.03985964912
5,0,1,58.0,2.02837586207
5,0,1,59.0,2.02057966102
5,0,1,60.0,2.00171333333
5,0,1,61.0,1.99869180328
5,0,1,62.0,1.98906774194
5,0,1,63.0,1.98677142857
5,0,2,3.0,3.3338
5,0,2,4.0,3.37895
5,0,2,5.0,3.41264
5,0,2,6.0,3.41813333333
5,0,2,7.0,3.29105714286
5,0,2,8.0,3.189975
5,0,2,9.0,3.22122222222
5,0,2,10.0,3.4482
5,0,2,11.0,3.64812727273
5,0,2,12.0,3.79365
5,0,2,13.0,3.84981538462
5,0,2,14.0,3.8238
5,0,2,15.0,3.80582666667
5,0,2,16.0,3.7792375
5,0,2,17.0,3.76064705882
5,0,2,18.0,3.74943333333
5,0,2,19.0,3.74816842105
5,0,2,20.0,3.72673
5,0,2,21.0,3.71116190476
5,0,2,22.0,3.71090909091
5,0,2,23.0,3.69576521739
5,0,2,24.0,3.692675
5,0,2,25.0,3.683984
5,0,2,26.0,3.67066923077
5,0,2,27.0,3.63280740741
5,0,2,28.0,3.58785
5,0,2,29.0,3.55327586207
5,0,2,30.0,3.51143333333
5,0,2,31.0,3.48166451613
5,0,2,32.0,3.44920625
5,0,2,33.0,3.42504848485
5,0,2,34.0,3.39566470588
5,0,2,35.0,3.36775428571
5,0,2,36.0,3.34821111111
5,0,2,37.0,3.32648648649
5,0,2,38.0,3.30692105263
5,0,2,39.0,3.27566153846
5,0,2,40.0,3.26032
5,0,2,41.0,3.24605853659
5,0,2,42.0,3.22543333333
5,0,2,43.0,3.27175348837
5,0,2,44.0,3.31922727273
5,0,2,45.0,3.37838666667
5,0,2,46.0,3.42800434783
5,0,2,47.0,3.46369361702
5,0,2,48.0,3.4987125
5,0,2,49.0,3.53373469388
5,0,2,50.0,3.602944
5,0,2,51.0,3.6146745098
5,0,2,52.0,3.67479230769
5,0,2,53.0,3.68513207547
5,0,2,54.0,3.71511111111
5,0,2,55.0,3.75626545455
5,0,2,56.0,3.78560714286
5,0,2,57.0,3.84165964912
5,0,2,58.0,3.85917586207
5,0,2,59.0,3.89117966102
5,0,2,60.0,3.89391333333
5,0,2,61.0,3.93149180328
5,0,2,62.0,3.95526774194
5,0,2,63.0,3.97157142857
5,0,4,3.0,5.3338
5,0,4,4.0,5.37895
5,0,4,5.0,5.41264
5,0,4,6.0,6.09333333333
5,0,4,7.0,6.14705714286
5,0,4,8.0,6.064175
5,0,4,9.0,6.00182222222
5,0,4,10.0,5.9478
5,0,4,11.0,5.92292727273
5,0,4,12.0,5.87685
5,0,4,13.0,5.84981538462
5,0,4,14.0,5.8238
5,0,4,15.0,5.80582666667
5,0,4,16.0,5.7792375
5,0,4,17.0,5.76064705882
5,0,4,18.0,5.74943333333
5,0,4,19.0,5.74816842105
5,0,4,20.0,5.72673
5,0,4,21.0,5.71116190476
5,0,4,22.0,5.71090909091
5,0,4,23.0,5.69576521739
5,0,4,24.0,5.692675
5,0,4,25.0,5.683984
5,0,4,26.0,5.82506923077
5,0,4,27.0,5.97660740741
5,0,4,28.0,6.08145
5,0,4,29.0,6.20847586207
5,0,4,30.0,6.30483333333
5,0,4,31.0,6.41906451613
5,0,4,32.0,6.41900625
5,0,4,33.0,6.39724848485
5,0,4,34.0,6.36406470588
5,0,4,35.0,6.33595428571
5,0,4,36.0,6.32281111111
5,0,4,37.0,6.29868648649
5,0,4,38.0,6.27832105263
5,0,4,39.0,6.24746153846
5,0,4,40.0,6.23692
5,0,4,41.0,6.22185853659
5,0,4,42.0,6.20123333333
5,0,4,43.0,6.18155348837
5,0,4,44.0,6.16762727273
5,0,4,45.0,6.15398666667
5,0,4,46.0,6.14400434783
5,0,4,47.0,6.12669361702
5,0,4,48.0,6.1129125
5,0,4,49.0,6.09593469388
5,0,4,50.0,6.098344
5,0,4,51.0,6.0730745098
5,0,4,52.0,6.07179230769
5,0,4,53.0,6.05333207547
5,0,4,54.0,6.03971111111
5,0,4,55.0,6.03286545455
5,0,4,56.0,6.01780714286
5,0,4,57.0,6.01965964912
5,0,4,58.0,6.01157586207
5,0,4,59.0,6.00537966102
5,0,4,60.0,5.98591333333
5,0,4,61.0,5.98609180328
5,0,4,62.0,5.97286774194
5,0,4,63.0,5.97157142857
5,3,1,3.0,1.56273333333
5,3,1,4.0,1.64417142857
5,3,1,5.0,1.62745
5,3,1,6.0,1.61093333333
5,3,1,7.0,1.59774
5,3,1,8.0,1.59374545455
5,3,1,9.0,1.58226666667
5,3,1,10.0,1.58129230769
5,3,1,11.0,1.57205714286
5,3,1,12.0,1.57164
5,3,1,13.0,1.5640375
5,3,1,14.0,1.67575294118
5,3,1,15.0,1.78533333333
5,3,1,16.0,1.88052631579
5,3,1,17.0,1.95255
5,3,1,18.0,2.02580952381
5,3,1,19.0,2.08801818182
5,3,1,20.0,2.14825217391
5,3,1,21.0,2.21400833333
5,3,1,22.0,2.266504
5,3,1,23.0,2.30624615385
5,3,1,24.0,2.35563703704
5,3,1,25.0,2.38897142857
5,3,1,26.0,2.39659310345
5,3,1,27.0,2.36485333333
5,3,1,28.0,2.33477419355
5,3,1,29.0,2.30704375
5,3,1,30.0,2.29225454545
5,3,1,31.0,2.26247058824
5,3,1,32.0,2.24162285714
5,3,1,33.0,2.22411666667
5,3,1,34.0,2.20178918919
5,3,1,35.0,2.18853157895
5,3,1,36.0,2.16262051282
5,3,1,37.0,2.14835
5,3,1,38.0,2.13581463415
5,3,1,39.0,2.11773809524
5,3,1,40.0,2.10159534884
5,3,1,41.0,2.08864090909
5,3,1,42.0,2.07450222222
5,3,1,43.0,2.06896521739
5,3,1,44.0,2.05182553191
5,3,1,45.0,2.03642916667
5,3,1,46.0,2.02604489796
5,3,1,47.0,2.027296
5,3,1,48.0,2.00945098039
5,3,1,49.0,2.00263076923
5,3,1,50.0,1.98570943396
5,3,1,51.0,1.97711481481
5,3,1,52.0,1.97288727273
5,3,1,53.0,1.96028928571
5,3,1,54.0,1.96169473684
5,3,1,55.0,1.95082758621
5,3,1,56.0,1.94509491525
5,3,1,57.0,1.92732
5,3,1,58.0,1.92531803279
5,3,1,59.0,1.91687419355
5,3,1,60.0,1.91631746032
5,3,1,61.0,1.901940625
5,3,1,62.0,1.89675692308
5,3,1,63.0,1.89480606061
5,3,2,3.0,2.06273333333
5,3,2,4.0,2.2156
5,3,2,5.0,2.25245
5,3,2,6.0,2.2776
5,3,2,7.0,2.29774
5,3,2,8.0,2.32101818182
5,3,2,9.0,2.41266666667
5,3,2,10.0,2.66452307692
5,3,2,11.0,2.85937142857
5,3,2,12.0,3.04284
5,3,2,13.0,3.1255
5,3,2,14.0,3.14772941176
5,3,2,15.0,3.1725
5,3,2,16.0,3.18966315789
5,3,2,17.0,3.2029
5,3,2,18.0,3.21912380952
5,3,2,19.0,3.22542727273
5,3,2,20.0,3.23851304348
5,3,2,21.0,3.25455833333
5,3,2,22.0,3.26284
5,3,2,23.0,3.26959230769
5,3,2,24.0,3.27883703704
5,3,2,25.0,3.28182857143
5,3,2,26.0,3.29314482759
5,3,2,27.0,3.26485333333
5,3,2,28.0,3.238
5,3,2,29.0,3.21329375
5,3,2,30.0,3.20134545455
5,3,2,31.0,3.17423529412
5,3,2,32.0,3.15590857143
5,3,2,33.0,3.14078333333
5,3,2,34.0,3.12070810811
5,3,2,35.0,3.10958421053
5,3,2,36.0,3.0856974359
5,3,2,37.0,3.07335
5,3,2,38.0,3.06264390244
5,3,2,39.0,3.04630952381
5,3,2,40.0,3.03182790698
5,3,2,41.0,3.02045909091
5,3,2,42.0,3.00783555556
5,3,2,43.0,3.07105217391
5,3,2,44.0,3.11100851064
5,3,2,45.0,3.15299166667
5,3,2,46.0,3.19876326531
5,3,2,47.0,3.27148
5,3,2,48.0,3.30093333333
5,3,2,49.0,3.35314615385
5,3,2,50.0,3.36872830189
5,3,2,51.0,3.4121037037
5,3,2,52.0,3.45989818182
5,3,2,53.0,3.493125
5,3,2,54.0,3.5474
5,3,2,55.0,3.58451724138
5,3,2,56.0,3.6104779661
5,3,2,57.0,3.62383
5,3,2,58.0,3.66113442623
5,3,2,59.0,3.6893483871
5,3,2,60.0,3.73193650794
5,3,2,61.0,3.740328125
5,3,2,62.0,3.77392615385
5,3,2,63.0,3.7891969697
5,3,4,3.0,3.06273333333
5,3,4,4.0,3.35845714286
5,3,4,5.0,3.50245
5,3,4,6.0,4.0584
5,3,4,7.0,4.29918
5,3,4,8.0,4.41061818182
5,3,4,9.0,4.49871666667
5,3,4,10.0,4.58375384615
5,3,4,11.0,4.64027142857
5,3,4,12.0,4.70476
5,3,4,13.0,4.7505
5,3,4,14.0,4.79478823529
5,3,4,15.0,4.83916666667
5,3,4,16.0,4.87387368421
5,3,4,17.0,4.9029
5,3,4,18.0,4.93340952381
5,3,4,19.0,4.9527
5,3,4,20.0,4.97764347826
5,3,4,21.0,5.00455833333
5,3,4,22.0,5.02284
5,3,4,23.0,5.03882307692
5,3,4,24.0,5.05661481481
5,3,4,25.0,5.06754285714
5,3,4,26.0,5.22467586207
5,3,4,27.0,5.35951333333
5,3,4,28.0,5.49136774194
5,3,4,29.0,5.61268125
5,3,4,30.0,5.75934545455
5,3,4,31.0,5.85208823529
5,3,4,32.0,5.87078857143
5,3,4,33.0,5.86218333333
5,3,4,34.0,5.85155135135
5,3,4,35.0,5.84621578947
5,3,4,36.0,5.83258974359
5,3,4,37.0,5.82689
5,3,4,38.0,5.82181463415
5,3,4,39.0,5.80788095238
5,3,4,40.0,5.80280465116
5,3,4,41.0,5.79466818182
5,3,4,42.0,5.78412888889
5,3,4,43.0,5.78883913043
5,3,4,44.0,5.77403829787
5,3,4,45.0,5.76767916667
5,3,4,46.0,5.76124489796
5,3,4,47.0,5.765112
5,3,4,48.0,5.7564627451
5,3,4,49.0,5.75094230769
5,3,4,50.0,5.73703018868
5,3,4,51.0,5.73732592593
5,3,4,52.0,5.73598545455
5,3,4,53.0,5.72404642857
5,3,4,54.0,5.73297894737
5,3,4,55.0,5.72989655172
5,3,4,56.0,5.72518983051
5,3,4,57.0,5.71212
5,3,4,58.0,5.71319344262
5,3,4,59.0,5.70619677419
5,3,4,60.0,5.70984126984
5,3,4,61.0,5.69785625
5,3,4,62.0,5.69783384615
5,3,4,63.0,5.69828787879
5,7,1,3.0,1.70548
5,7,1,4.0,1.56001818182
5,7,1,5.0,1.49815
5,7,1,6.0,1.44736923077
5,7,1,7.0,1.44412857143
5,7,1,8.0,1.40412
5,7,1,9.0,1.3997625
5,7,1,10.0,1.39655294118
5,7,1,11.0,1.38766666667
5,7,1,12.0,1.38415789474
5,7,1,13.0,1.42998
5,7,1,14.0,1.52144761905
5,7,1,15.0,1.60018181818
5,7,1,16.0,1.68605217391
5,7,1,17.0,1.745425
5,7,1,18.0,1.81108
5,7,1,19.0,1.85716153846
5,7,1,20.0,1.91951111111
5,7,1,21.0,1.97716428571
5,7,1,22.0,2.02619310345
5,7,1,23.0,2.06358666667
5,7,1,24.0,2.11553548387
5,7,1,25.0,2.12199375
5,7,1,26.0,2.107
5,7,1,27.0,2.08581764706
5,7,1,28.0,2.06792571429
5,7,1,29.0,2.05756666667
5,7,1,30.0,2.03849189189
5,7,1,31.0,2.03014736842
5,7,1,32.0,2.01175384615
5,7,1,33.0,1.99768
5,7,1,34.0,1.98729756098
5,7,1,35.0,1.97213333333
5,7,1,36.0,1.96248837209
5,7,1,37.0,1.95199090909
5,7,1,38.0,1.94241333333
5,7,1,39.0,1.9391173913
5,7,1,40.0,1.92326808511
5,7,1,41.0,1.9113625
5,7,1,42.0,1.90297959184
5,7,1,43.0,1.90672
5,7,1,44.0,1.89243137255
5,7,1,45.0,1.88836153846
5,7,1,46.0,1.87518490566
5,7,1,47.0,1.86675925926
5,7,1,48.0,1.86448363636
5,7,1,49.0,1.85329642857
5,7,1,50.0,1.85604912281
5,7,1,51.0,1.8477137931
5,7,1,52.0,1.84331186441
5,7,1,53.0,1.82685333333
5,7,1,54.0,1.8271704918
5,7,1,55.0,1.82081612903
5,7,1,56.0,1.82104761905
5,7,1,57.0,1.80804375
5,7,1,58.0,1.80478769231
5,7,1,59.0,1.80471515152
5,7,1,60.0,1.80060597015
5,7,1,61.0,1.79357647059
5,7,1,62.0,1.7828173913
5,7,1,63.0,1.78488857143
5,7,2,3.0,2.00548
5,7,2,4.0,1.92365454545
5,7,2,5.0,1.91481666667
5,7,2,6.0,1.90890769231
5,7,2,7.0,1.94412857143
5,7,2,8.0,1.93745333333
5,7,2,9.0,2.0725125
5,7,2,10.0,2.24655294118
5,7,2,11.0,2.40846666667
5,7,2,12.0,2.55144210526
5,7,2,13.0,2.59244
5,7,2,14.0,2.63051428571
5,7,2,15.0,2.66218181818
5,7,2,16.0,2.70086956522
5,7,2,17.0,2.7276
5,7,2,18.0,2.76148
5,7,2,19.0,2.77603076923
5,7,2,20.0,2.80543703704
5,7,2,21.0,2.82886428571
5,7,2,22.0,2.85339310345
5,7,2,23.0,2.86398666667
5,7,2,24.0,2.88972903226
5,7,2,25.0,2.90324375
5,7,2,26.0,2.89487878788
5,7,2,27.0,2.87993529412
5,7,2,28.0,2.86792571429
5,7,2,29.0,2.86312222222
5,7,2,30.0,2.8493027027
5,7,2,31.0,2.84593684211
5,7,2,32.0,2.83226666667
5,7,2,33.0,2.82268
5,7,2,34.0,2.81656585366
5,7,2,35.0,2.80546666667
5,7,2,36.0,2.79969767442
5,7,2,37.0,2.7929
5,7,2,38.0,2.78685777778
5,7,2,39.0,2.78694347826
5,7,2,40.0,2.77433191489
5,7,2,41.0,2.76552916667
5,7,2,42.0,2.76012244898
5,7,2,43.0,2.827952
5,7,2,44.0,2.87768627451
5,7,2,45.0,2.93097692308
5,7,2,46.0,2.96390943396
5,7,2,47.0,3.01408148148
5,7,2,48.0,3.06518181818
5,7,2,49.0,3.09474642857
5,7,2,50.0,3.16447017544
5,7,2,51.0,3.19692758621
5,7,2,52.0,3.24343389831
5,7,2,53.0,3.25856
5,7,2,54.0,3.30553114754
5,7,2,55.0,3.3322516129
5,7,2,56.0,3.37909206349
5,7,2,57.0,3.399946875
5,7,2,58.0,3.43556923077
5,7,2,59.0,3.47280606061
5,7,2,60.0,3.49851641791
5,7,2,61.0,3.52579705882
5,7,2,62.0,3.54846956522
5,7,2,63.0,3.56832857143
5,7,4,3.0,2.60548
5,7,4,4.0,2.65092727273
5,7,4,5.0,2.74815
5,7,4,6.0,3.16586153846
5,7,4,7.0,3.31112857143
5,7,4,8.0,3.42022666667
5,7,4,9.0,3.5383875
5,7,4,10.0,3.64408235294
5,7,4,11.0,3.73164444444
5,7,4,12.0,3.8146
5,7,4,13.0,3.89244
5,7,4,14.0,3.96384761905
5,7,4,15.0,4.02581818182
5,7,4,16.0,4.09217391304
5,7,4,17.0,4.14426666667
5,7,4,18.0,4.20148
5,7,4,19.0,4.23756923077
5,7,4,20.0,4.28691851852
5,7,4,21.0,4.32886428571
5,7,4,22.0,4.37063448276
5,7,4,23.0,4.39732
5,7,4,24.0,4.43811612903
5,7,4,25.0,4.46574375
5,7,4,26.0,4.59055151515
5,7,4,27.0,4.72498823529
5,7,4,28.0,4.86104571429
5,7,4,29.0,5.00815555556
5,7,4,30.0,5.12054594595
5,7,4,31.0,5.24354210526
5,7,4,32.0,5.27017435897
5,7,4,33.0,5.271775
5,7,4,34.0,5.27750243902
5,7,4,35.0,5.27946666667
5,7,4,36.0,5.28654418605
5,7,4,37.0,5.29241818182
5,7,4,38.0,5.29671555556
5,7,4,39.0,5.30685217391
5,7,4,40.0,5.30284255319
5,7,4,41.0,5.3077
5,7,4,42.0,5.30977959184
5,7,4,43.0,5.32694
5,7,4,44.0,5.32460392157
5,7,4,45.0,5.33051538462
5,7,4,46.0,5.32744150943
5,7,4,47.0,5.32578518519
5,7,4,48.0,5.33654181818
5,7,4,49.0,5.33579642857
5,7,4,50.0,5.35078596491
5,7,4,51.0,5.34947931034
5,7,4,52.0,5.35304745763
5,7,4,53.0,5.34375666667
5,7,4,54.0,5.35292786885
5,7,4,55.0,5.3543
5,7,4,56.0,5.35846984127
5,7,4,57.0,5.3559375
5,7,4,58.0,5.36045538462
5,7,4,59.0,5.36491818182
5,7,4,60.0,5.36782985075
5,7,4,61.0,5.36602352941
5,7,4,62.0,5.36156521739
5,7,4,63.0,5.36832857143
6,0,1,3.0,1.6666
6,0,1,4.0,1.87915
6,0,1,5.0,2.21444
6,0,1,6.0,2.42453333333
6,0,1,7.0,2.42945714286
6,0,1,8.0,2.311775
6,0,1,9.0,2.21882222222
6,0,1,10.0,2.1528
6,0,1,11.0,2.08872727273
6,0,1,12.0,2.03885
6,0,1,13.0,2.00341538462
6,0,1,14.0,1.9674
6,0,1,15.0,1.93602666667
6,0,1,16.0,1.9056375
6,0,1,17.0,1.87744705882
6,0,1,18.0,1.86303333333
6,0,1,19.0,1.89796842105
6,0,1,20.0,1.97673
6,0,1,21.0,2.04076190476
6,0,1,22.0,2.12630909091
6,0,1,23.0,2.17036521739
6,0,1,24.0,2.237275
6,0,1,25.0,2.287184
6,0,1,26.0,2.32426923077
6,0,1,27.0,2.37320740741
6,0,1,28.0,2.41085
6,0,1,29.0,2.44967586207
6,0,1,30.0,2.48743333333
6,0,1,31.0,2.51666451613
6,0,1,32.0,2.54120625
6,0,1,33.0,2.57484848485
6,0,1,34.0,2.60286470588
6,0,1,35.0,2.63135428571
6,0,1,36.0,2.66061111111
6,0,1,37.0,2.64188648649
6,0,1,38.0,2.62252105263
6,0,1,39.0,2.59546153846
6,0,1,40.0,2.56132
6,0,1,41.0,2.53385853659
6,0,1,42.0,2.51023333333
6,0,1,43.0,2.48975348837
6,0,1,44.0,2.46422727273
6,0,1,45.0,2.44998666667
6,0,1,46.0,2.41800434783
6,0,1,47.0,2.40369361702
6,0,1,48.0,2.3803125
6,0,1,49.0,2.36533469388
6,0,1,50.0,2.345544
6,0,1,51.0,2.3328745098
6,0,1,52.0,2.31459230769
6,0,1,53.0,2.29733207547
6,0,1,54.0,2.29351111111
6,0,1,55.0,2.26946545455
6,0,1,56.0,2.25140714286
6,0,1,57.0,2.23805964912
6,0,1,58.0,2.23097586207
6,0,1,59.0,2.21857966102
6,0,1,60.0,2.20711333333
6,0,1,61.0,2.19549180328
6,0,1,62.0,2.19126774194
6,0,1,63.0,2.17577142857
6,0,2,3.0,3.3336
6,0,2,4.0,3.38015
6,0,2,5.0,3.40604
6,0,2,6.0,3.42453333333
6,0,2,7.0,3.42945714286
6,0,2,8.0,3.311775
6,0,2,9.0,3.21882222222
6,0,2,10.0,3.1528
6,0,2,11.0,3.08872727273
6,0,2,12.0,3.03885
6,0,2,13.0,3.15701538462
6,0,2,14.0,3.3316
6,0,2,15.0,3.47102666667
6,0,2,16.0,3.5900375
6,0,2,17.0,3.69144705882
6,0,2,18.0,3.81443333333
6,0,2,19.0,3.79376842105
6,0,2,20.0,3.77313
6,0,2,21.0,3.75976190476
6,0,2,22.0,3.75430909091
6,0,2,23.0,3.73756521739
6,0,2,24.0,3.731875
6,0,2,25.0,3.720584
6,0,2,26.0,3.70806923077
6,0,2,27.0,3.70760740741
6,0,2,28.0,3.69805
6,0,2,29.0,3.68767586207
6,0,2,30.0,3.68583333333
6,0,2,31.0,3.68126451613
6,0,2,32.0,3.66880625
6,0,2,33.0,3.66644848485
6,0,2,34.0,3.66466470588
6,0,2,35.0,3.65635428571
6,0,2,36.0,3.66061111111
6,0,2,37.0,3.64188648649
6,0,2,38.0,3.62252105263
6,0,2,39.0,3.59546153846
6,0,2,40.0,3.56132
6,0,2,41.0,3.53385853659
6,0,2,42.0,3.51023333333
6,0,2,43.0,3.48975348837
6,0,2,44.0,3.46422727273
6,0,2,45.0,3.44998666667
6,0,2,46.0,3.41800434783
6,0,2,47.0,3.40369361702
6,0,2,48.0,3.3803125
6,0,2,49.0,3.36533469388
6,0,2,50.0,3.345544
6,0,2,51.0,3.3328745098
6,0,2,52.0,3.31459230769
6,0,2,53.0,3.29733207547
6,0,2,54.0,3.29351111111
6,0,2,55.0,3.26946545455
6,0,2,56.0,3.25140714286
6,0,2,57.0,3.23805964912
6,0,2,58.0,3.23097586207
6,0,2,59.0,3.21857966102
6,0,2,60.0,3.20711333333
6,0,2,61.0,3.19549180328
6,0,2,62.0,3.19126774194
6,0,2,63.0,3.17577142857
6,0,4,3.0,5.3336
6,0,4,4.0,5.38015
6,0,4,5.0,5.40604
6,0,4,6.0,5.42453333333
6,0,4,7.0,5.42945714286
6,0,4,8.0,5.692175
6,0,4,9.0,6.10962222222
6,0,4,10.0,6.0526
6,0,4,11.0,5.99972727273
6,0,4,12.0,5.96005
6,0,4,13.0,5.92521538462
6,0,4,14.0,5.9022
6,0,4,15.0,5.87002666667
6,0,4,16.0,5.8454375
6,0,4,17.0,5.81764705882
6,0,4,18.0,5.81443333333
6,0,4,19.0,5.79376842105
6,0,4,20.0,5.77313
6,0,4,21.0,5.75976190476
6,0,4,22.0,5.75430909091
6,0,4,23.0,5.73756521739
6,0,4,24.0,5.731875
6,0,4,25.0,5.720584
6,0,4,26.0,5.70806923077
6,0,4,27.0,5.70760740741
6,0,4,28.0,5.69805
6,0,4,29.0,5.68767586207
6,0,4,30.0,5.68583333333
6,0,4,31.0,5.68126451613
6,0,4,32.0,5.66880625
6,0,4,33.0,5.66644848485
6,0,4,34.0,5.66466470588
6,0,4,35.0,5.65635428571
6,0,4,36.0,5.66061111111
6,0,4,37.0,5.64188648649
6,0,4,38.0,5.62252105263
6,0,4,39.0,5.59546153846
6,0,4,40.0,5.56132
6,0,4,41.0,5.53385853659
6,0,4,42.0,5.51023333333
6,0,4,43.0,5.48975348837
6,0,4,44.0,5.53542727273
6,0,4,45.0,5.63138666667
6,0,4,46.0,5.69320434783
6,0,4,47.0,5.78329361702
6,0,4,48.0,5.8527125
6,0,4,49.0,5.92253469388
6,0,4,50.0,6.002344
6,0,4,51.0,6.0712745098
6,0,4,52.0,6.14359230769
6,0,4,53.0,6.19933207547
6,0,4,54.0,6.27671111111
6,0,4,55.0,6.25406545455
6,0,4,56.0,6.23560714286
6,0,4,57.0,6.22205964912
6,0,4,58.0,6.21477586207
6,0,4,59.0,6.20057966102
6,0,4,60.0,6.19391333333
6,0,4,61.0,6.18109180328
6,0,4,62.0,6.17546774194
6,0,4,63.0,6.16097142857
6,3,1,3.0,1.53043333333
6,3,1,4.0,1.68702857143
6,3,1,5.0,1.74995
6,3,1,6.0,1.7212
6,3,1,7.0,1.70148
6,3,1,8.0,1.67694545455
6,3,1,9.0,1.66386666667
6,3,1,10.0,1.65575384615
6,3,1,11.0,1.64434285714
6,3,1,12.0,1.63356
6,3,1,13.0,1.6253
6,3,1,14.0,1.61645882353
6,3,1,15.0,1.613
6,3,1,16.0,1.60852631579
6,3,1,17.0,1.60082
6,3,1,18.0,1.59346666667
6,3,1,19.0,1.63633636364
6,3,1,20.0,1.71399130435
6,3,1,21.0,1.78963333333
6,3,1,22.0,1.86716
6,3,1,23.0,1.91683846154
6,3,1,24.0,1.98105925926
6,3,1,25.0,2.02611428571
6,3,1,26.0,2.09929655172
6,3,1,27.0,2.12923333333
6,3,1,28.0,2.17743225806
6,3,1,29.0,2.2191375
6,3,1,30.0,2.24389090909
6,3,1,31.0,2.29438235294
6,3,1,32.0,2.32262857143
6,3,1,33.0,2.37151666667
6,3,1,34.0,2.38318378378
6,3,1,35.0,2.41713684211
6,3,1,36.0,2.45486666667
6,3,1,37.0,2.45175
6,3,1,38.0,2.41905365854
6,3,1,39.0,2.40392380952
6,3,1,40.0,2.3842
6,3,1,41.0,2.36408636364
6,3,1,42.0,2.35132888889
6,3,1,43.0,2.32490869565
6,3,1,44.0,2.30964680851
6,3,1,45.0,2.28617916667
6,3,1,46.0,2.27256734694
6,3,1,47.0,2.25628
6,3,1,48.0,2.24512156863
6,3,1,49.0,2.22935
6,3,1,50.0,2.21382264151
6,3,1,51.0,2.21209259259
6,3,1,52.0,2.18845090909
6,3,1,53.0,2.17115357143
6,3,1,54.0,2.16045263158
6,3,1,55.0,2.15375862069
6,3,1,56.0,2.14251864407
6,3,1,57.0,2.13081
6,3,1,58.0,2.12327868852
6,3,1,59.0,2.11766451613
6,3,1,60.0,2.10431746032
6,3,1,61.0,2.089134375
6,3,1,62.0,2.08542769231
6,3,1,63.0,2.07406969697
6,3,2,3.0,2.13253333333
6,3,2,4.0,2.25845714286
6,3,2,5.0,2.37495
6,3,2,6.0,2.38786666667
6,3,2,7.0,2.40148
6,3,2,8.0,2.40421818182
6,3,2,9.0,2.41386666667
6,3,2,10.0,2.42498461538
6,3,2,11.0,2.43005714286
6,3,2,12.0,2.43356
6,3,2,13.0,2.5626
6,3,2,14.0,2.73464705882
6,3,2,15.0,2.8995
6,3,2,16.0,3.03589473684
6,3,2,17.0,3.1553
6,3,2,18.0,3.26078095238
6,3,2,19.0,3.26981818182
6,3,2,20.0,3.28286086957
6,3,2,21.0,3.29113333333
6,3,2,22.0,3.30156
6,3,2,23.0,3.30409230769
6,3,2,24.0,3.31528148148
6,3,2,25.0,3.32111428571
6,3,2,26.0,3.33635862069
6,3,2,27.0,3.33397333333
6,3,2,28.0,3.34169032258
6,3,2,29.0,3.34560625
6,3,2,30.0,3.33861818182
6,3,2,31.0,3.35403529412
6,3,2,32.0,3.35156571429
6,3,2,33.0,3.3727
6,3,2,34.0,3.35944324324
6,3,2,35.0,3.36711052632
6,3,2,36.0,3.37794358974
6,3,2,37.0,3.37675
6,3,2,38.0,3.34588292683
6,3,2,39.0,3.3324952381
6,3,2,40.0,3.31443255814
6,3,2,41.0,3.29590454545
6,3,2,42.0,3.28466222222
6,3,2,43.0,3.25969130435
6,3,2,44.0,3.24581702128
6,3,2,45.0,3.22367916667
6,3,2,46.0,3.21134285714
6,3,2,47.0,3.19628
6,3,2,48.0,3.18629803922
6,3,2,49.0,3.17165769231
6,3,2,50.0,3.15721886792
6,3,2,51.0,3.15653703704
6,3,2,52.0,3.13390545455
6,3,2,53.0,3.11758214286
6,3,2,54.0,3.10782105263
6,3,2,55.0,3.10203448276
6,3,2,56.0,3.09167118644
6,3,2,57.0,3.08081
6,3,2,58.0,3.07409836066
6,3,2,59.0,3.06927741935
6,3,2,60.0,3.0566984127
6,3,2,61.0,3.042259375
6,3,2,62.0,3.03927384615
6,3,2,63.0,3.02861515152
6,3,4,3.0,3.13253333333
6,3,4,4.0,3.40131428571
6,3,4,5.0,3.62495
6,3,4,6.0,3.7212
6,3,4,7.0,3.80148
6,3,4,8.0,4.12290909091
6,3,4,9.0,4.58556666667
6,3,4,10.0,4.65083076923
6,3,4,11.0,4.71192857143
6,3,4,12.0,4.76668
6,3,4,13.0,4.8124125
6,3,4,14.0,4.84897647059
6,3,4,15.0,4.889
6,3,4,16.0,4.92423157895
6,3,4,17.0,4.95169
6,3,4,18.0,4.97506666667
6,3,4,19.0,4.99709090909
6,3,4,20.0,5.02199130435
6,3,4,21.0,5.04113333333
6,3,4,22.0,5.06156
6,3,4,23.0,5.07332307692
6,3,4,24.0,5.09305925926
6,3,4,25.0,5.10682857143
6,3,4,26.0,5.12946206897
6,3,4,27.0,5.13397333333
6,3,4,28.0,5.14814193548
6,3,4,29.0,5.15810625
6,3,4,30.0,5.1568
6,3,4,31.0,5.17756470588
6,3,4,32.0,5.18013714286
6,3,4,33.0,5.20603333333
6,3,4,34.0,5.19728108108
6,3,4,35.0,5.20921578947
6,3,4,36.0,5.2240974359
6,3,4,37.0,5.22675
6,3,4,38.0,5.19954146341
6,3,4,39.0,5.18963809524
6,3,4,40.0,5.17489767442
6,3,4,41.0,5.15954090909
6,3,4,42.0,5.15132888889
6,3,4,43.0,5.12925652174
6,3,4,44.0,5.18649787234
6,3,4,45.0,5.27192916667
6,3,4,46.0,5.35663265306
6,3,4,47.0,5.43066
6,3,4,48.0,5.5228627451
6,3,4,49.0,5.59715769231
6,3,4,50.0,5.65872830189
6,3,4,51.0,5.75772592593
6,3,4,52.0,5.80065454545
6,3,4,53.0,5.86638928571
6,3,4,54.0,5.93173684211
6,3,4,55.0,5.93282758621
6,3,4,56.0,5.92242372881
6,3,4,57.0,5.91314
6,3,4,58.0,5.91153442623
6,3,4,59.0,5.90508387097
6,3,4,60.0,5.90126984127
6,3,4,61.0,5.886765625
6,3,4,62.0,5.88268923077
6,3,4,63.0,5.87755151515
6,7,1,3.0,1.09876
6,7,1,4.0,1.135
6,7,1,5.0,1.16773333333
6,7,1,6.0,1.19444615385
6,7,1,7.0,1.21662857143
6,7,1,8.0,1.23484
6,7,1,9.0,1.249575
6,7,1,10.0,1.26255294118
6,7,1,11.0,1.28011111111
6,7,1,12.0,1.29118947368
6,7,1,13.0,1.30128
6,7,1,14.0,1.31024761905
6,7,1,15.0,1.31872727273
6,7,1,16.0,1.32751304348
6,7,1,17.0,1.33374166667
6,7,1,18.0,1.342504
6,7,1,19.0,1.37923846154
6,7,1,20.0,1.46202962963
6,7,1,21.0,1.53061428571
6,7,1,22.0,1.6012137931
6,7,1,23.0,1.65081333333
6,7,1,24.0,1.72441290323
6,7,1,25.0,1.7737125
6,7,1,26.0,1.82289090909
6,7,1,27.0,1.87823529412
6,7,1,28.0,1.92392571429
6,7,1,29.0,1.98361666667
6,7,1,30.0,2.00005945946
6,7,1,31.0,2.05576315789
6,7,1,32.0,2.08707692308
6,7,1,33.0,2.122585
6,7,1,34.0,2.15348292683
6,7,1,35.0,2.18896666667
6,7,1,36.0,2.22620930233
6,7,1,37.0,2.22562272727
6,7,1,38.0,2.21871555556
6,7,1,39.0,2.19312608696
6,7,1,40.0,2.18233191489
6,7,1,41.0,2.16641666667
6,7,1,42.0,2.15155102041
6,7,1,43.0,2.138404
6,7,1,44.0,2.12796078431
6,7,1,45.0,2.11093846154
6,7,1,46.0,2.10171320755
6,7,1,47.0,2.09932222222
6,7,1,48.0,2.08092
6,7,1,49.0,2.06574642857
6,7,1,50.0,2.05780350877
6,7,1,51.0,2.0517137931
6,7,1,52.0,2.04108813559
6,7,1,53.0,2.03161
6,7,1,54.0,2.02334098361
6,7,1,55.0,2.02005806452
6,7,1,56.0,2.00771428571
6,7,1,57.0,1.997390625
6,7,1,58.0,1.99252923077
6,7,1,59.0,1.98278787879
6,7,1,60.0,1.98168059701
6,7,1,61.0,1.96635
6,7,1,62.0,1.96450434783
6,7,1,63.0,1.96110857143
6,7,2,3.0,1.39876
6,7,2,4.0,1.49863636364
6,7,2,5.0,1.5844
6,7,2,6.0,1.65598461538
6,7,2,7.0,1.71662857143
6,7,2,8.0,1.76817333333
6,7,2,9.0,1.812075
6,7,2,10.0,1.85078823529
6,7,2,11.0,1.89122222222
6,7,2,12.0,1.92276842105
6,7,2,13.0,2.04943
6,7,2,14.0,2.21891428571
6,7,2,15.0,2.36709090909
6,7,2,16.0,2.50566956522
6,7,2,17.0,2.62290833333
6,7,2,18.0,2.74348
6,7,2,19.0,2.76726153846
6,7,2,20.0,2.79417777778
6,7,2,21.0,2.81851428571
6,7,2,22.0,2.84353103448
6,7,2,23.0,2.85754666667
6,7,2,24.0,2.88616774194
6,7,2,25.0,2.90168125
6,7,2,26.0,2.91504848485
6,7,2,27.0,2.93774705882
6,7,2,28.0,2.95592571429
6,7,2,29.0,2.97412777778
6,7,2,30.0,2.98081621622
6,7,2,31.0,2.99995789474
6,7,2,32.0,3.01245128205
6,7,2,33.0,3.02134
6,7,2,34.0,3.03383414634
6,7,2,35.0,3.04413333333
6,7,2,36.0,3.06341860465
6,7,2,37.0,3.06653181818
6,7,2,38.0,3.06316
6,7,2,39.0,3.04095217391
6,7,2,40.0,3.03339574468
6,7,2,41.0,3.02058333333
6,7,2,42.0,3.00869387755
6,7,2,43.0,2.998404
6,7,2,44.0,2.99070588235
6,7,2,45.0,2.97632307692
6,7,2,46.0,2.96963773585
6,7,2,47.0,2.96969259259
6,7,2,48.0,2.95364727273
6,7,2,49.0,2.94074642857
6,7,2,50.0,2.93499649123
6,7,2,51.0,2.93102413793
6,7,2,52.0,2.9224440678
6,7,2,53.0,2.91494333333
6,7,2,54.0,2.90858688525
6,7,2,55.0,2.90715483871
6,7,2,56.0,2.8966031746
6,7,2,57.0,2.888015625
6,7,2,58.0,2.88483692308
6,7,2,59.0,2.87672727273
6,7,2,60.0,2.87720298507
6,7,2,61.0,2.86340882353
6,7,2,62.0,2.86305507246
6,7,2,63.0,2.86110857143
6,7,4,3.0,1.99876
6,7,4,4.0,2.22590909091
6,7,4,5.0,2.41773333333
6,7,4,6.0,2.57906153846
6,7,4,7.0,2.71662857143
6,7,4,8.0,3.03857333333
6,7,4,9.0,3.4387125
6,7,4,10.0,3.55949411765
6,7,4,11.0,3.67175555556
6,7,4,12.0,3.76407368421
6,7,4,13.0,3.85214
6,7,4,14.0,3.93198095238
6,7,4,15.0,4.00345454545
6,7,4,16.0,4.07088695652
6,7,4,17.0,4.12344166667
6,7,4,18.0,4.18348
6,7,4,19.0,4.2288
6,7,4,20.0,4.27565925926
6,7,4,21.0,4.31851428571
6,7,4,22.0,4.36077241379
6,7,4,23.0,4.39088
6,7,4,24.0,4.43455483871
6,7,4,25.0,4.46418125
6,7,4,26.0,4.49080606061
6,7,4,27.0,4.52598235294
6,7,4,28.0,4.55592571429
6,7,4,29.0,4.58523888889
6,7,4,30.0,4.60243783784
6,7,4,31.0,4.63153684211
6,7,4,32.0,4.65347692308
6,7,4,33.0,4.67134
6,7,4,34.0,4.69237073171
6,7,4,35.0,4.7108
6,7,4,36.0,4.7378372093
6,7,4,37.0,4.74835
6,7,4,38.0,4.75204888889
6,7,4,39.0,4.73660434783
6,7,4,40.0,4.73552340426
6,7,4,41.0,4.72891666667
6,7,4,42.0,4.72297959184
6,7,4,43.0,4.718404
6,7,4,44.0,4.77175686275
6,7,4,45.0,4.84988076923
6,7,4,46.0,4.94954716981
6,7,4,47.0,5.05248888889
6,7,4,48.0,5.12237454545
6,7,4,49.0,5.18267142857
6,7,4,50.0,5.26692631579
6,7,4,51.0,5.34561034483
6,7,4,52.0,5.41738644068
6,7,4,53.0,5.4782
6,7,4,54.0,5.54768196721
6,7,4,55.0,5.55123548387
6,7,4,56.0,5.5462031746
6,7,4,57.0,5.54225625
6,7,4,58.0,5.54712615385
6,7,4,59.0,5.54567272727
6,7,4,60.0,5.55033731343
6,7,4,61.0,5.54112941176
6,7,4,62.0,5.54648695652
6,7,4,63.0,5.54760857143
7,0,1,3.0,1.6666
7,0,1,4.0,1.62455
7,0,1,5.0,2.00584
7,0,1,6.0,2.25093333333
7,0,1,7.0,2.42905714286
7,0,1,8.0,2.437575
7,0,1,9.0,2.32802222222
7,0,1,10.0,2.2492
7,0,1,11.0,2.18192727273
7,0,1,12.0,2.11765
7,0,1,13.0,2.07801538462
7,0,1,14.0,2.033
7,0,1,15.0,2.00082666667
7,0,1,16.0,1.9650375
7,0,1,17.0,1.94144705882
7,0,1,18.0,1.91163333333
7,0,1,19.0,1.90176842105
7,0,1,20.0,1.87693
7,0,1,21.0,1.85256190476
7,0,1,22.0,1.84650909091
7,0,1,23.0,1.82896521739
7,0,1,24.0,1.810675
7,0,1,25.0,1.800984
7,0,1,26.0,1.86966923077
7,0,1,27.0,1.92560740741
7,0,1,28.0,1.98125
7,0,1,29.0,2.03867586207
7,0,1,30.0,2.08763333333
7,0,1,31.0,2.13906451613
7,0,1,32.0,2.16300625
7,0,1,33.0,2.20544848485
7,0,1,34.0,2.26106470588
7,0,1,35.0,2.28215428571
7,0,1,36.0,2.33601111111
7,0,1,37.0,2.34248648649
7,0,1,38.0,2.39592105263
7,0,1,39.0,2.41746153846
7,0,1,40.0,2.45452
7,0,1,41.0,2.46265853659
7,0,1,42.0,2.47063333333
7,0,1,43.0,2.50295348837
7,0,1,44.0,2.52922727273
7,0,1,45.0,2.56798666667
7,0,1,46.0,2.58280434783
7,0,1,47.0,2.59329361702
7,0,1,48.0,2.6183125
7,0,1,49.0,2.62993469388
7,0,1,50.0,2.631344
7,0,1,51.0,2.6148745098
7,0,1,52.0,2.58559230769
7,0,1,53.0,2.57393207547
7,0,1,54.0,2.55431111111
7,0,1,55.0,2.52946545455
7,0,1,56.0,2.51560714286
7,0,1,57.0,2.48425964912
7,0,1,58.0,2.47237586207
7,0,1,59.0,2.45117966102
7,0,1,60.0,2.44051333333
7,0,1,61.0,2.42109180328
7,0,1,62.0,2.40406774194
7,0,1,63.0,2.39457142857
7,0,2,3.0,2.9994
7,0,2,4.0,3.36995
7,0,2,5.0,3.39564
7,0,2,6.0,3.41013333333
7,0,2,7.0,3.42905714286
7,0,2,8.0,3.437575
7,0,2,9.0,3.32802222222
7,0,2,10.0,3.2492
7,0,2,11.0,3.18192727273
7,0,2,12.0,3.11765
7,0,2,13.0,3.07801538462
7,0,2,14.0,3.033
7,0,2,15.0,3.00082666667
7,0,2,16.0,2.9650375
7,0,2,17.0,3.00544705882
7,0,2,18.0,3.12823333333
7,0,2,19.0,3.28116842105
7,0,2,20.0,3.37593
7,0,2,21.0,3.46756190476
7,0,2,22.0,3.58090909091
7,0,2,23.0,3.66156521739
7,0,2,24.0,3.722475
7,0,2,25.0,3.761984
7,0,2,26.0,3.74926923077
7,0,2,27.0,3.74200740741
7,0,2,28.0,3.72825
7,0,2,29.0,3.72427586207
7,0,2,30.0,3.71803333333
7,0,2,31.0,3.71206451613
7,0,2,32.0,3.70020625
7,0,2,33.0,3.69704848485
7,0,2,34.0,3.70026470588
7,0,2,35.0,3.67935428571
7,0,2,36.0,3.68861111111
7,0,2,37.0,3.67268648649
7,0,2,38.0,3.67512105263
7,0,2,39.0,3.67066153846
7,0,2,40.0,3.66952
7,0,2,41.0,3.65645853659
7,0,2,42.0,3.64483333333
7,0,2,43.0,3.64555348837
7,0,2,44.0,3.65282727273
7,0,2,45.0,3.65218666667
7,0,2,46.0,3.64500434783
7,0,2,47.0,3.63689361702
7,0,2,48.0,3.6411125
7,0,2,49.0,3.62993469388
7,0,2,50.0,3.631344
7,0,2,51.0,3.6148745098
7,0,2,52.0,3.58559230769
7,0,2,53.0,3.57393207547
7,0,2,54.0,3.55431111111
7,0,2,55.0,3.52946545455
7,0,2,56.0,3.51560714286
7,0,2,57.0,3.48425964912
7,0,2,58.0,3.47237586207
7,0,2,59.0,3.45117966102
7,0,2,60.0,3.44051333333
7,0,2,61.0,3.42109180328
7,0,2,62.0,3.40406774194
7,0,2,63.0,3.39457142857
7,0,4,3.0,5.3324
7,0,4,4.0,5.36995
7,0,4,5.0,5.39564
7,0,4,6.0,5.41013333333
7,0,4,7.0,5.42905714286
7,0,4,8.0,5.437575
7,0,4,9.0,5.32802222222
7,0,4,10.0,5.2492
7,0,4,11.0,5.64152727273
7,0,4,12.0,5.94025
7,0,4,13.0,6.00061538462
7,0,4,14.0,5.9678
7,0,4,15.0,5.93322666667
7,0,4,16.0,5.9008375
7,0,4,17.0,5.88104705882
7,0,4,18.0,5.85803333333
7,0,4,19.0,5.84496842105
7,0,4,20.0,5.82653
7,0,4,21.0,5.80656190476
7,0,4,22.0,5.80730909091
7,0,4,23.0,5.78876521739
7,0,4,24.0,5.767675
7,0,4,25.0,5.761984
7,0,4,26.0,5.74926923077
7,0,4,27.0,5.74200740741
7,0,4,28.0,5.72825
7,0,4,29.0,5.72427586207
7,0,4,30.0,5.71803333333
7,0,4,31.0,5.71206451613
7,0,4,32.0,5.70020625
7,0,4,33.0,5.69704848485
7,0,4,34.0,5.70026470588
7,0,4,35.0,5.67935428571
7,0,4,36.0,5.68861111111
7,0,4,37.0,5.67268648649
7,0,4,38.0,5.67512105263
7,0,4,39.0,5.67066153846
7,0,4,40.0,5.66952
7,0,4,41.0,5.65645853659
7,0,4,42.0,5.64483333333
7,0,4,43.0,5.64555348837
7,0,4,44.0,5.65282727273
7,0,4,45.0,5.65218666667
7,0,4,46.0,5.64500434783
7,0,4,47.0,5.63689361702
7,0,4,48.0,5.6411125
7,0,4,49.0,5.62993469388
7,0,4,50.0,5.631344
7,0,4,51.0,5.6148745098
7,0,4,52.0,5.58559230769
7,0,4,53.0,5.57393207547
7,0,4,54.0,5.55431111111
7,0,4,55.0,5.52946545455
7,0,4,56.0,5.51560714286
7,0,4,57.0,5.48425964912
7,0,4,58.0,5.47237586207
7,0,4,59.0,5.45117966102
7,0,4,60.0,5.44051333333
7,0,4,61.0,5.42109180328
7,0,4,62.0,5.40406774194
7,0,4,63.0,5.39457142857
7,3,1,3.0,1.50073333333
7,3,1,4.0,1.63342857143
7,3,1,5.0,1.784325
7,3,1,6.0,1.83013333333
7,3,1,7.0,1.79878
7,3,1,8.0,1.76916363636
7,3,1,9.0,1.74216666667
7,3,1,10.0,1.73036923077
7,3,1,11.0,1.71285714286
7,3,1,12.0,1.70044
7,3,1,13.0,1.6836375
7,3,1,14.0,1.67855294118
7,3,1,15.0,1.66333333333
7,3,1,16.0,1.66225263158
7,3,1,17.0,1.64978
7,3,1,18.0,1.64043809524
7,3,1,19.0,1.63858181818
7,3,1,20.0,1.63190434783
7,3,1,21.0,1.62250833333
7,3,1,22.0,1.620936
7,3,1,23.0,1.61677692308
7,3,1,24.0,1.61003703704
7,3,1,25.0,1.60557857143
7,3,1,26.0,1.67235862069
7,3,1,27.0,1.73881333333
7,3,1,28.0,1.79699354839
7,3,1,29.0,1.8443125
7,3,1,30.0,1.87698181818
7,3,1,31.0,1.95611764706
7,3,1,32.0,1.97136
7,3,1,33.0,2.03675
7,3,1,34.0,2.07056756757
7,3,1,35.0,2.11392631579
7,3,1,36.0,2.14323589744
7,3,1,37.0,2.182575
7,3,1,38.0,2.20273170732
7,3,1,39.0,2.21598095238
7,3,1,40.0,2.26010697674
7,3,1,41.0,2.28954090909
7,3,1,42.0,2.33378222222
7,3,1,43.0,2.34547391304
7,3,1,44.0,2.36375744681
7,3,1,45.0,2.41030416667
7,3,1,46.0,2.40962857143
7,3,1,47.0,2.44428
7,3,1,48.0,2.45895686275
7,3,1,49.0,2.48188846154
7,3,1,50.0,2.48948301887
7,3,1,51.0,2.46388148148
7,3,1,52.0,2.4424
7,3,1,53.0,2.435775
7,3,1,54.0,2.4062
7,3,1,55.0,2.39518965517
7,3,1,56.0,2.37695932203
7,3,1,57.0,2.36489
7,3,1,58.0,2.34748196721
7,3,1,59.0,2.32987419355
7,3,1,60.0,2.32241269841
7,3,1,61.0,2.31045
7,3,1,62.0,2.2968
7,3,1,63.0,2.28674242424
7,3,2,3.0,2.20133333333
7,3,2,4.0,2.30131428571
7,3,2,5.0,2.409325
7,3,2,6.0,2.4968
7,3,2,7.0,2.49878
7,3,2,8.0,2.49643636364
7,3,2,9.0,2.49216666667
7,3,2,10.0,2.4996
7,3,2,11.0,2.49857142857
7,3,2,12.0,2.50044
7,3,2,13.0,2.4961375
7,3,2,14.0,2.50208235294
7,3,2,15.0,2.49666666667
7,3,2,16.0,2.50435789474
7,3,2,17.0,2.54874
7,3,2,18.0,2.68580952381
7,3,2,19.0,2.82003636364
7,3,2,20.0,2.9406
7,3,2,21.0,3.03825833333
7,3,2,22.0,3.142104
7,3,2,23.0,3.23173076923
7,3,2,24.0,3.30923703704
7,3,2,25.0,3.35611428571
7,3,2,26.0,3.36074482759
7,3,2,27.0,3.36223333333
7,3,2,28.0,3.37583225806
7,3,2,29.0,3.3769625
7,3,2,30.0,3.37298181818
7,3,2,31.0,3.38813529412
7,3,2,32.0,3.37844571429
7,3,2,33.0,3.3925
7,3,2,34.0,3.39123783784
7,3,2,35.0,3.39566315789
7,3,2,36.0,3.39972820513
7,3,2,37.0,3.403205
7,3,2,38.0,3.40223414634
7,3,2,39.0,3.39786666667
7,3,2,40.0,3.40615348837
7,3,2,41.0,3.40623181818
7,3,2,42.0,3.41644888889
7,3,2,43.0,3.41243478261
7,3,2,44.0,3.41170638298
7,3,2,45.0,3.42861666667
7,3,2,46.0,3.4193755102
7,3,2,47.0,3.421504
7,3,2,48.0,3.42140392157
7,3,2,49.0,3.42419615385
7,3,2,50.0,3.43287924528
7,3,2,51.0,3.40832592593
7,3,2,52.0,3.38785454545
7,3,2,53.0,3.38220357143
7,3,2,54.0,3.35356842105
7,3,2,55.0,3.34346551724
7,3,2,56.0,3.32611186441
7,3,2,57.0,3.31489
7,3,2,58.0,3.29830163934
7,3,2,59.0,3.28148709677
7,3,2,60.0,3.27479365079
7,3,2,61.0,3.263575
7,3,2,62.0,3.25064615385
7,3,2,63.0,3.24128787879
7,3,4,3.0,3.20133333333
7,3,4,4.0,3.44417142857
7,3,4,5.0,3.659325
7,3,4,6.0,3.83013333333
7,3,4,7.0,3.89878
7,3,4,8.0,3.95098181818
7,3,4,9.0,3.99216666667
7,3,4,10.0,4.03806153846
7,3,4,11.0,4.42797142857
7,3,4,12.0,4.76716
7,3,4,13.0,4.8701
7,3,4,14.0,4.91107058824
7,3,4,15.0,4.94516666667
7,3,4,16.0,4.97863157895
7,3,4,17.0,4.99929
7,3,4,18.0,5.02512380952
7,3,4,19.0,5.04649090909
7,3,4,20.0,5.06494782609
7,3,4,21.0,5.07980833333
7,3,4,22.0,5.106264
7,3,4,23.0,5.11790769231
7,3,4,24.0,5.13039259259
7,3,4,25.0,5.14182857143
7,3,4,26.0,5.15384827586
7,3,4,27.0,5.16223333333
7,3,4,28.0,5.18228387097
7,3,4,29.0,5.1894625
7,3,4,30.0,5.19116363636
7,3,4,31.0,5.21166470588
7,3,4,32.0,5.20701714286
7,3,4,33.0,5.22583333333
7,3,4,34.0,5.22907567568
7,3,4,35.0,5.23776842105
7,3,4,36.0,5.24588205128
7,3,4,37.0,5.253205
7,3,4,38.0,5.25589268293
7,3,4,39.0,5.25500952381
7,3,4,40.0,5.26661860465
7,3,4,41.0,5.26986818182
7,3,4,42.0,5.28311555556
7,3,4,43.0,5.282
7,3,4,44.0,5.28404680851
7,3,4,45.0,5.30361666667
7,3,4,46.0,5.29692653061
7,3,4,47.0,5.301504
7,3,4,48.0,5.30375686275
7,3,4,49.0,5.30881153846
7,3,4,50.0,5.31967169811
7,3,4,51.0,5.29721481481
7,3,4,52.0,5.27876363636
7,3,4,53.0,5.27506071429
7,3,4,54.0,5.24830526316
7,3,4,55.0,5.24001724138
7,3,4,56.0,5.22441694915
7,3,4,57.0,5.21489
7,3,4,58.0,5.19994098361
7,3,4,59.0,5.18471290323
7,3,4,60.0,5.17955555556
7,3,4,61.0,5.169825
7,3,4,62.0,5.15833846154
7,3,4,63.0,5.15037878788
7,7,1,3.0,1.19956
7,7,1,4.0,1.2254
7,7,1,5.0,1.24781666667
7,7,1,6.0,1.27041538462
7,7,1,7.0,1.28392857143
7,7,1,8.0,1.3014
7,7,1,9.0,1.3104375
7,7,1,10.0,1.32384705882
7,7,1,11.0,1.33144444444
7,7,1,12.0,1.34462105263
7,7,1,13.0,1.35081
7,7,1,14.0,1.35584761905
7,7,1,15.0,1.36659090909
7,7,1,16.0,1.37300869565
7,7,1,17.0,1.37340833333
7,7,1,18.0,1.381528
7,7,1,19.0,1.38713076923
7,7,1,20.0,1.38914074074
7,7,1,21.0,1.38946428571
7,7,1,22.0,1.3963862069
7,7,1,23.0,1.39674
7,7,1,24.0,1.40374193548
7,7,1,25.0,1.40168125
7,7,1,26.0,1.46519393939
7,7,1,27.0,1.53914705882
7,7,1,28.0,1.58104571429
7,7,1,29.0,1.64383333333
7,7,1,30.0,1.69178918919
7,7,1,31.0,1.7394
7,7,1,32.0,1.77872820513
7,7,1,33.0,1.82476
7,7,1,34.0,1.86340487805
7,7,1,35.0,1.8943
7,7,1,36.0,1.93720465116
7,7,1,37.0,1.97032272727
7,7,1,38.0,2.02145333333
7,7,1,39.0,2.04085652174
7,7,1,40.0,2.07135319149
7,7,1,41.0,2.11977916667
7,7,1,42.0,2.12223673469
7,7,1,43.0,2.158528
7,7,1,44.0,2.19525490196
7,7,1,45.0,2.21166923077
7,7,1,46.0,2.24544150943
7,7,1,47.0,2.25999259259
7,7,1,48.0,2.28286909091
7,7,1,49.0,2.31039642857
7,7,1,50.0,2.30201403509
7,7,1,51.0,2.28983103448
7,7,1,52.0,2.275
7,7,1,53.0,2.26551666667
7,7,1,54.0,2.24713114754
7,7,1,55.0,2.23491290323
7,7,1,56.0,2.22566984127
7,7,1,57.0,2.218265625
7,7,1,58.0,2.20525538462
7,7,1,59.0,2.19554545455
7,7,1,60.0,2.18872537313
7,7,1,61.0,2.17644117647
7,7,1,62.0,2.16685797101
7,7,1,63.0,2.15712857143
7,7,2,3.0,1.49956
7,7,2,4.0,1.58903636364
7,7,2,5.0,1.66448333333
7,7,2,6.0,1.73195384615
7,7,2,7.0,1.78392857143
7,7,2,8.0,1.83473333333
7,7,2,9.0,1.8729375
7,7,2,10.0,1.91208235294
7,7,2,11.0,1.94255555556
7,7,2,12.0,1.9762
7,7,2,13.0,2.00081
7,7,2,14.0,2.02251428571
7,7,2,15.0,2.04840909091
7,7,2,16.0,2.06866086957
7,7,2,17.0,2.12140833333
7,7,2,18.0,2.26468
7,7,2,19.0,2.39310769231
7,7,2,20.0,2.49936296296
7,7,2,21.0,2.59936428571
7,7,2,22.0,2.70834482759
7,7,2,23.0,2.79744
7,7,2,24.0,2.88647741935
7,7,2,25.0,2.9318375
7,7,2,26.0,2.9534969697
7,7,2,27.0,2.97745294118
7,7,2,28.0,2.98440571429
7,7,2,29.0,3.00135555556
7,7,2,30.0,3.01649189189
7,7,2,31.0,3.02981578947
7,7,2,32.0,3.03542564103
7,7,2,33.0,3.04939
7,7,2,34.0,3.06186341463
7,7,2,35.0,3.07063333333
7,7,2,36.0,3.08116744186
7,7,2,37.0,3.08856363636
7,7,2,38.0,3.10521333333
7,7,2,39.0,3.1070826087
7,7,2,40.0,3.11424680851
7,7,2,41.0,3.1347
7,7,2,42.0,3.13349387755
7,7,2,43.0,3.13738
7,7,2,44.0,3.15445490196
7,7,2,45.0,3.15338076923
7,7,2,46.0,3.1675245283
7,7,2,47.0,3.1697037037
7,7,2,48.0,3.17462181818
7,7,2,49.0,3.18539642857
7,7,2,50.0,3.17920701754
7,7,2,51.0,3.16914137931
7,7,2,52.0,3.1563559322
7,7,2,53.0,3.14885
7,7,2,54.0,3.13237704918
7,7,2,55.0,3.12200967742
7,7,2,56.0,3.11455873016
7,7,2,57.0,3.108890625
7,7,2,58.0,3.09756307692
7,7,2,59.0,3.08948484848
7,7,2,60.0,3.08424776119
7,7,2,61.0,3.0735
7,7,2,62.0,3.06540869565
7,7,2,63.0,3.05712857143
7,7,4,3.0,2.09956
7,7,4,4.0,2.31630909091
7,7,4,5.0,2.49781666667
7,7,4,6.0,2.65503076923
7,7,4,7.0,2.78392857143
7,7,4,8.0,2.9014
7,7,4,9.0,2.9979375
7,7,4,10.0,3.08855294118
7,7,4,11.0,3.44368888889
7,7,4,12.0,3.76735789474
7,7,4,13.0,3.89868
7,7,4,14.0,3.97758095238
7,7,4,15.0,4.04722727273
7,7,4,16.0,4.11165217391
7,7,4,17.0,4.16693333333
7,7,4,18.0,4.220056
7,7,4,19.0,4.27220769231
7,7,4,20.0,4.3121037037
7,7,4,21.0,4.35376428571
7,7,4,22.0,4.39809655172
7,7,4,23.0,4.42614666667
7,7,4,24.0,4.4664516129
7,7,4,25.0,4.4943375
7,7,4,26.0,4.52925454545
7,7,4,27.0,4.56568823529
7,7,4,28.0,4.58440571429
7,7,4,29.0,4.61246666667
7,7,4,30.0,4.63811351351
7,7,4,31.0,4.66139473684
7,7,4,32.0,4.67645128205
7,7,4,33.0,4.69939
7,7,4,34.0,4.7204
7,7,4,35.0,4.7373
7,7,4,36.0,4.75558604651
7,7,4,37.0,4.77038181818
7,7,4,38.0,4.79410222222
7,7,4,39.0,4.80273478261
7,7,4,40.0,4.81637446809
7,7,4,41.0,4.84303333333
7,7,4,42.0,4.84777959184
7,7,4,43.0,4.85738
7,7,4,44.0,4.87994509804
7,7,4,45.0,4.88415
7,7,4,46.0,4.90337358491
7,7,4,47.0,4.91044444444
7,7,4,48.0,4.92007636364
7,7,4,49.0,4.93539642857
7,7,4,50.0,4.93359298246
7,7,4,51.0,4.92776206897
7,7,4,52.0,4.91906779661
7,7,4,53.0,4.91551666667
7,7,4,54.0,4.90286885246
7,7,4,55.0,4.89620322581
7,7,4,56.0,4.89233650794
7,7,4,57.0,4.890140625
7,7,4,58.0,4.88217846154
7,7,4,59.0,4.87736363636
7,7,4,60.0,4.87529253731
7,7,4,61.0,4.86761764706
7,7,4,62.0,4.86251014493
7,7,4,63.0,4.85712857143
8,0,1,3.0,1.6666
8,0,1,4.0,1.62455
8,0,1,5.0,1.80524
8,0,1,6.0,2.08013333333
8,0,1,7.0,2.28085714286
8,0,1,8.0,2.444375
8,0,1,9.0,2.44282222222
8,0,1,10.0,2.3506
8,0,1,11.0,2.28012727273
8,0,1,12.0,2.21445
8,0,1,13.0,2.15021538462
8,0,1,14.0,2.1008
8,0,1,15.0,2.07142666667
8,0,1,16.0,2.0352375
8,0,1,17.0,2.00364705882
8,0,1,18.0,1.97083333333
8,0,1,19.0,1.95616842105
8,0,1,20.0,1.92353
8,0,1,21.0,1.89916190476
8,0,1,22.0,1.89330909091
8,0,1,23.0,1.87096521739
8,0,1,24.0,1.855875
8,0,1,25.0,1.838584
8,0,1,26.0,1.82846923077
8,0,1,27.0,1.82080740741
8,0,1,28.0,1.80545
8,0,1,29.0,1.79767586207
8,0,1,30.0,1.78563333333
8,0,1,31.0,1.77546451613
8,0,1,32.0,1.76820625
8,0,1,33.0,1.78964848485
8,0,1,34.0,1.84406470588
8,0,1,35.0,1.88975428571
8,0,1,36.0,1.93781111111
8,0,1,37.0,1.96628648649
8,0,1,38.0,2.03012105263
8,0,1,39.0,2.06486153846
8,0,1,40.0,2.09152
8,0,1,41.0,2.12105853659
8,0,1,42.0,2.14623333333
8,0,1,43.0,2.19715348837
8,0,1,44.0,2.22022727273
8,0,1,45.0,2.25038666667
8,0,1,46.0,2.26940434783
8,0,1,47.0,2.29669361702
8,0,1,48.0,2.3387125
8,0,1,49.0,2.36193469388
8,0,1,50.0,2.360344
8,0,1,51.0,2.4054745098
8,0,1,52.0,2.40859230769
8,0,1,53.0,2.44813207547
8,0,1,54.0,2.45531111111
8,0,1,55.0,2.48106545455
8,0,1,56.0,2.50680714286
8,0,1,57.0,2.51905964912
8,0,1,58.0,2.52717586207
8,0,1,59.0,2.53997966102
8,0,1,60.0,2.55731333333
8,0,1,61.0,2.57389180328
8,0,1,62.0,2.58746774194
8,0,1,63.0,2.59577142857
8,0,2,3.0,2.6666
8,0,2,4.0,3.36915
8,0,2,5.0,3.40364
8,0,2,6.0,3.41293333333
8,0,2,7.0,3.41965714286
8,0,2,8.0,3.444375
8,0,2,9.0,3.44282222222
8,0,2,10.0,3.3506
8,0,2,11.0,3.28012727273
8,0,2,12.0,3.21445
8,0,2,13.0,3.15021538462
8,0,2,14.0,3.1008
8,0,2,15.0,3.07142666667
8,0,2,16.0,3.0352375
8,0,2,17.0,3.00364705882
8,0,2,18.0,2.97083333333
8,0,2,19.0,2.95616842105
8,0,2,20.0,2.92353
8,0,2,21.0,2.89916190476
8,0,2,22.0,2.94010909091
8,0,2,23.0,3.04336521739
8,0,2,24.0,3.152275
8,0,2,25.0,3.234184
8,0,2,26.0,3.32846923077
8,0,2,27.0,3.42080740741
8,0,2,28.0,3.47925
8,0,2,29.0,3.56007586207
8,0,2,30.0,3.62263333333
8,0,2,31.0,3.67366451613
8,0,2,32.0,3.73320625
8,0,2,33.0,3.72724848485
8,0,2,34.0,3.72486470588
8,0,2,35.0,3.72075428571
8,0,2,36.0,3.70981111111
8,0,2,37.0,3.69908648649
8,0,2,38.0,3.70592105263
8,0,2,39.0,3.69526153846
8,0,2,40.0,3.69172
8,0,2,41.0,3.68205853659
8,0,2,42.0,3.67543333333
8,0,2,43.0,3.67775348837
8,0,2,44.0,3.67022727273
8,0,2,45.0,3.67218666667
8,0,2,46.0,3.66420434783
8,0,2,47.0,3.66169361702
8,0,2,48.0,3.6655125
8,0,2,49.0,3.66413469388
8,0,2,50.0,3.644544
8,0,2,51.0,3.6506745098
8,0,2,52.0,3.64319230769
8,0,2,53.0,3.65013207547
8,0,2,54.0,3.63651111111
8,0,2,55.0,3.63946545455
8,0,2,56.0,3.64280714286
8,0,2,57.0,3.63685964912
8,0,2,58.0,3.62957586207
8,0,2,59.0,3.62757966102
8,0,2,60.0,3.62991333333
8,0,2,61.0,3.62309180328
8,0,2,62.0,3.62026774194
8,0,2,63.0,3.61477142857
8,0,4,3.0,5.3338
8,0,4,4.0,5.36915
8,0,4,5.0,5.40364
8,0,4,6.0,5.41293333333
8,0,4,7.0,5.41965714286
8,0,4,8.0,5.444375
8,0,4,9.0,5.44282222222
8,0,4,10.0,5.3506
8,0,4,11.0,5.28012727273
8,0,4,12.0,5.21445
8,0,4,13.0,5.15021538462
8,0,4,14.0,5.4508
8,0,4,15.0,5.74182666667
8,0,4,16.0,5.9710375
8,0,4,17.0,5.94464705882
8,0,4,18.0,5.91423333333
8,0,4,19.0,5.90576842105
8,0,4,20.0,5.87013
8,0,4,21.0,5.85076190476
8,0,4,22.0,5.84550909091
8,0,4,23.0,5.82936521739
8,0,4,24.0,5.818675
8,0,4,25.0,5.793984
8,0,4,26.0,5.78706923077
8,0,4,27.0,5.78540740741
8,0,4,28.0,5.76805
8,0,4,29.0,5.76527586207
8,0,4,30.0,5.75343333333
8,0,4,31.0,5.73966451613
8,0,4,32.0,5.73320625
8,0,4,33.0,5.72724848485
8,0,4,34.0,5.72486470588
8,0,4,35.0,5.72075428571
8,0,4,36.0,5.70981111111
8,0,4,37.0,5.69908648649
8,0,4,38.0,5.70592105263
8,0,4,39.0,5.69526153846
8,0,4,40.0,5.69172
8,0,4,41.0,5.68205853659
8,0,4,42.0,5.67543333333
8,0,4,43.0,5.67775348837
8,0,4,44.0,5.67022727273
8,0,4,45.0,5.67218666667
8,0,4,46.0,5.66420434783
8,0,4,47.0,5.66169361702
8,0,4,48.0,5.6655125
8,0,4,49.0,5.66413469388
8,0,4,50.0,5.644544
8,0,4,51.0,5.6506745098
8,0,4,52.0,5.64319230769
8,0,4,53.0,5.65013207547
8,0,4,54.0,5.63651111111
8,0,4,55.0,5.63946545455
8,0,4,56.0,5.64280714286
8,0,4,57.0,5.63685964912
8,0,4,58.0,5.62957586207
8,0,4,59.0,5.62757966102
8,0,4,60.0,5.62991333333
8,0,4,61.0,5.62309180328
8,0,4,62.0,5.62026774194
8,0,4,63.0,5.61477142857
8,3,1,3.0,1.56343333333
8,3,1,4.0,1.5876
8,3,1,5.0,1.722325
8,3,1,6.0,1.8676
8,3,1,7.0,1.9021
8,3,1,8.0,1.86865454545
8,3,1,9.0,1.83771666667
8,3,1,10.0,1.80406153846
8,3,1,11.0,1.78152857143
8,3,1,12.0,1.77244
8,3,1,13.0,1.7505875
8,3,1,14.0,1.73883529412
8,3,1,15.0,1.723
8,3,1,16.0,1.71597894737
8,3,1,17.0,1.69721
8,3,1,18.0,1.6892952381
8,3,1,19.0,1.68452727273
8,3,1,20.0,1.67433913043
8,3,1,21.0,1.66800833333
8,3,1,22.0,1.659304
8,3,1,23.0,1.65446153846
8,3,1,24.0,1.65341481481
8,3,1,25.0,1.64432857143
8,3,1,26.0,1.64348965517
8,3,1,27.0,1.63621333333
8,3,1,28.0,1.62989677419
8,3,1,29.0,1.62771875
8,3,1,30.0,1.61661818182
8,3,1,31.0,1.62004117647
8,3,1,32.0,1.61222857143
8,3,1,33.0,1.6446
8,3,1,34.0,1.69252432432
8,3,1,35.0,1.74753157895
8,3,1,36.0,1.78766666667
8,3,1,37.0,1.819975
8,3,1,38.0,1.86443902439
8,3,1,39.0,1.89506666667
8,3,1,40.0,1.94643255814
8,3,1,41.0,1.98036363636
8,3,1,42.0,2.02111555556
8,3,1,43.0,2.02933043478
8,3,1,44.0,2.06961276596
8,3,1,45.0,2.12717916667
8,3,1,46.0,2.14695918367
8,3,1,47.0,2.146112
8,3,1,48.0,2.19749803922
8,3,1,49.0,2.20390769231
8,3,1,50.0,2.25023773585
8,3,1,51.0,2.25629259259
8,3,1,52.0,2.28696727273
8,3,1,53.0,2.31292857143
8,3,1,54.0,2.32321052632
8,3,1,55.0,2.34568965517
8,3,1,56.0,2.35816610169
8,3,1,57.0,2.38237
8,3,1,58.0,2.39939672131
8,3,1,59.0,2.42065806452
8,3,1,60.0,2.42622222222
8,3,1,61.0,2.453609375
8,3,1,62.0,2.46715692308
8,3,1,63.0,2.48242424242
8,3,2,3.0,2.26203333333
8,3,2,4.0,2.35594285714
8,3,2,5.0,2.43545
8,3,2,6.0,2.53426666667
8,3,2,7.0,2.6021
8,3,2,8.0,2.59592727273
8,3,2,9.0,2.58771666667
8,3,2,10.0,2.57329230769
8,3,2,11.0,2.56724285714
8,3,2,12.0,2.57244
8,3,2,13.0,2.5630875
8,3,2,14.0,2.56236470588
8,3,2,15.0,2.55633333333
8,3,2,16.0,2.55808421053
8,3,2,17.0,2.54721
8,3,2,18.0,2.54643809524
8,3,2,19.0,2.54816363636
8,3,2,20.0,2.54390434783
8,3,2,21.0,2.54300833333
8,3,2,22.0,2.577672
8,3,2,23.0,2.69583076923
8,3,2,24.0,2.80381481481
8,3,2,25.0,2.89486428571
8,3,2,26.0,2.99459310345
8,3,2,27.0,3.07315333333
8,3,2,28.0,3.14659354839
8,3,2,29.0,3.2254375
8,3,2,30.0,3.28134545455
8,3,2,31.0,3.35695294118
8,3,2,32.0,3.41227428571
8,3,2,33.0,3.42201666667
8,3,2,34.0,3.4222972973
8,3,2,35.0,3.42679473684
8,3,2,36.0,3.42815897436
8,3,2,37.0,3.426515
8,3,2,38.0,3.428
8,3,2,39.0,3.42460952381
8,3,2,40.0,3.42699069767
8,3,2,41.0,3.43232272727
8,3,2,42.0,3.43716888889
8,3,2,43.0,3.42795217391
8,3,2,44.0,3.43436170213
8,3,2,45.0,3.45317916667
8,3,2,46.0,3.44265714286
8,3,2,47.0,3.435228
8,3,2,48.0,3.44361568627
8,3,2,49.0,3.43851923077
8,3,2,50.0,3.44816226415
8,3,2,51.0,3.43892592593
8,3,2,52.0,3.44571636364
8,3,2,53.0,3.45451071429
8,3,2,54.0,3.44584210526
8,3,2,55.0,3.44986206897
8,3,2,56.0,3.44152881356
8,3,2,57.0,3.45397
8,3,2,58.0,3.45119344262
8,3,2,59.0,3.45544193548
8,3,2,60.0,3.44546031746
8,3,2,61.0,3.454771875
8,3,2,62.0,3.45324307692
8,3,2,63.0,3.45166969697
8,3,4,3.0,3.26203333333
8,3,4,4.0,3.4988
8,3,4,5.0,3.68545
8,3,4,6.0,3.8676
8,3,4,7.0,4.0021
8,3,4,8.0,4.05047272727
8,3,4,9.0,4.08771666667
8,3,4,10.0,4.11175384615
8,3,4,11.0,4.13867142857
8,3,4,12.0,4.17244
8,3,4,13.0,4.1880875
8,3,4,14.0,4.51132941176
8,3,4,15.0,4.78616666667
8,3,4,16.0,5.03235789474
8,3,4,17.0,5.04774
8,3,4,18.0,5.0732952381
8,3,4,19.0,5.09053636364
8,3,4,20.0,5.10546956522
8,3,4,21.0,5.12775833333
8,3,4,22.0,5.140584
8,3,4,23.0,5.15683076923
8,3,4,24.0,5.17394814815
8,3,4,25.0,5.17950714286
8,3,4,26.0,5.19347586207
8,3,4,27.0,5.20867333333
8,3,4,28.0,5.21100645161
8,3,4,29.0,5.22118125
8,3,4,30.0,5.22098181818
8,3,4,31.0,5.24047647059
8,3,4,32.0,5.24084571429
8,3,4,33.0,5.25535
8,3,4,34.0,5.26013513514
8,3,4,35.0,5.2689
8,3,4,36.0,5.27431282051
8,3,4,37.0,5.276515
8,3,4,38.0,5.28165853659
8,3,4,39.0,5.28175238095
8,3,4,40.0,5.28745581395
8,3,4,41.0,5.29595909091
8,3,4,42.0,5.30383555556
8,3,4,43.0,5.2975173913
8,3,4,44.0,5.30670212766
8,3,4,45.0,5.32817916667
8,3,4,46.0,5.32020816327
8,3,4,47.0,5.315228
8,3,4,48.0,5.32596862745
8,3,4,49.0,5.32313461538
8,3,4,50.0,5.33495471698
8,3,4,51.0,5.32781481481
8,3,4,52.0,5.33662545455
8,3,4,53.0,5.34736785714
8,3,4,54.0,5.34057894737
8,3,4,55.0,5.3464137931
8,3,4,56.0,5.33983389831
8,3,4,57.0,5.35397
8,3,4,58.0,5.35283278689
8,3,4,59.0,5.35866774194
8,3,4,60.0,5.35022222222
8,3,4,61.0,5.361021875
8,3,4,62.0,5.36093538462
8,3,4,63.0,5.36076060606
8,7,1,3.0,1.30168
8,7,1,4.0,1.32132727273
8,7,1,5.0,1.3359
8,7,1,6.0,1.34472307692
8,7,1,7.0,1.35262857143
8,7,1,8.0,1.37126666667
8,7,1,9.0,1.375575
8,7,1,10.0,1.38478823529
8,7,1,11.0,1.38962222222
8,7,1,12.0,1.3978
8,7,1,13.0,1.39813
8,7,1,14.0,1.40491428571
8,7,1,15.0,1.41077272727
8,7,1,16.0,1.41474782609
8,7,1,17.0,1.41760833333
8,7,1,18.0,1.420264
8,7,1,19.0,1.42483846154
8,7,1,20.0,1.43017777778
8,7,1,21.0,1.42741428571
8,7,1,22.0,1.43416551724
8,7,1,23.0,1.43062666667
8,7,1,24.0,1.43532903226
8,7,1,25.0,1.434025
8,7,1,26.0,1.43824848485
8,7,1,27.0,1.44162941176
8,7,1,28.0,1.44120571429
8,7,1,29.0,1.44840555556
8,7,1,30.0,1.44497837838
8,7,1,31.0,1.45158947368
8,7,1,32.0,1.44724102564
8,7,1,33.0,1.468855
8,7,1,34.0,1.52456585366
8,7,1,35.0,1.57213333333
8,7,1,36.0,1.61873023256
8,7,1,37.0,1.66507272727
8,7,1,38.0,1.70292888889
8,7,1,39.0,1.72868695652
8,7,1,40.0,1.78114042553
8,7,1,41.0,1.83585416667
8,7,1,42.0,1.86029387755
8,7,1,43.0,1.861656
8,7,1,44.0,1.92487058824
8,7,1,45.0,1.93145769231
8,7,1,46.0,1.98003018868
8,7,1,47.0,2.00358148148
8,7,1,48.0,2.02838181818
8,7,1,49.0,2.06609642857
8,7,1,50.0,2.06868070175
8,7,1,51.0,2.10306551724
8,7,1,52.0,2.11741355932
8,7,1,53.0,2.14697333333
8,7,1,54.0,2.17595737705
8,7,1,55.0,2.1882516129
8,7,1,56.0,2.19846984127
8,7,1,57.0,2.2323375
8,7,1,58.0,2.25451076923
8,7,1,59.0,2.26866969697
8,7,1,60.0,2.28078507463
8,7,1,61.0,2.311
8,7,1,62.0,2.32859710145
8,7,1,63.0,2.33694857143
8,7,2,3.0,1.60168
8,7,2,4.0,1.68496363636
8,7,2,5.0,1.75256666667
8,7,2,6.0,1.80626153846
8,7,2,7.0,1.85262857143
8,7,2,8.0,1.9046
8,7,2,9.0,1.938075
8,7,2,10.0,1.97302352941
8,7,2,11.0,2.00073333333
8,7,2,12.0,2.02937894737
8,7,2,13.0,2.04813
8,7,2,14.0,2.07158095238
8,7,2,15.0,2.09259090909
8,7,2,16.0,2.1104
8,7,2,17.0,2.12594166667
8,7,2,18.0,2.140264
8,7,2,19.0,2.15560769231
8,7,2,20.0,2.17091851852
8,7,2,21.0,2.17741428571
8,7,2,22.0,2.23056551724
8,7,2,23.0,2.32839333333
8,7,2,24.0,2.43883870968
8,7,2,25.0,2.52261875
8,7,2,26.0,2.61675757576
8,7,2,27.0,2.70634117647
8,7,2,28.0,2.77896571429
8,7,2,29.0,2.87085555556
8,7,2,30.0,2.92308648649
8,7,2,31.0,3.01154210526
8,7,2,32.0,3.06053333333
8,7,2,33.0,3.06919
8,7,2,34.0,3.0844195122
8,7,2,35.0,3.0958
8,7,2,36.0,3.10360465116
8,7,2,37.0,3.11345454545
8,7,2,38.0,3.12548
8,7,2,39.0,3.12912608696
8,7,2,40.0,3.1408
8,7,2,41.0,3.15349166667
8,7,2,42.0,3.15697959184
8,7,2,43.0,3.151484
8,7,2,44.0,3.16998431373
8,7,2,45.0,3.17016923077
8,7,2,46.0,3.18436226415
8,7,2,47.0,3.1845
8,7,2,48.0,3.19015636364
8,7,2,49.0,3.20272142857
8,7,2,50.0,3.19850526316
8,7,2,51.0,3.20958965517
8,7,2,52.0,3.20729830508
8,7,2,53.0,3.21421666667
8,7,2,54.0,3.22497377049
8,7,2,55.0,3.22704193548
8,7,2,56.0,3.22371428571
8,7,2,57.0,3.231440625
8,7,2,58.0,3.24104615385
8,7,2,59.0,3.23841515152
8,7,2,60.0,3.23630746269
8,7,2,61.0,3.25057941176
8,7,2,62.0,3.25787826087
8,7,2,63.0,3.25044857143
8,7,4,3.0,2.20168
8,7,4,4.0,2.41223636364
8,7,4,5.0,2.5859
8,7,4,6.0,2.72933846154
8,7,4,7.0,2.85262857143
8,7,4,8.0,2.97126666667
8,7,4,9.0,3.063075
8,7,4,10.0,3.14949411765
8,7,4,11.0,3.22295555556
8,7,4,12.0,3.29253684211
8,7,4,13.0,3.34813
8,7,4,14.0,3.64211428571
8,7,4,15.0,3.91481818182
8,7,4,16.0,4.15339130435
8,7,4,17.0,4.209575
8,7,4,18.0,4.259656
8,7,4,19.0,4.31108461538
8,7,4,20.0,4.35714074074
8,7,4,21.0,4.39486428571
8,7,4,22.0,4.43466206897
8,7,4,23.0,4.46386666667
8,7,4,24.0,4.50051612903
8,7,4,25.0,4.52793125
8,7,4,26.0,4.56076969697
8,7,4,27.0,4.5884
8,7,4,28.0,4.61256571429
8,7,4,29.0,4.64178888889
8,7,4,30.0,4.65854594595
8,7,4,31.0,4.69108947368
8,7,4,32.0,4.70155897436
8,7,4,33.0,4.71919
8,7,4,34.0,4.74295609756
8,7,4,35.0,4.76246666667
8,7,4,36.0,4.77802325581
8,7,4,37.0,4.79527272727
8,7,4,38.0,4.81436888889
8,7,4,39.0,4.82477826087
8,7,4,40.0,4.84292765957
8,7,4,41.0,4.861825
8,7,4,42.0,4.87126530612
8,7,4,43.0,4.871484
8,7,4,44.0,4.8954745098
8,7,4,45.0,4.90093846154
8,7,4,46.0,4.92021132075
8,7,4,47.0,4.92524074074
8,7,4,48.0,4.93561090909
8,7,4,49.0,4.95272142857
8,7,4,50.0,4.95289122807
8,7,4,51.0,4.96821034483
8,7,4,52.0,4.97001016949
8,7,4,53.0,4.98088333333
8,7,4,54.0,4.99546557377
8,7,4,55.0,5.00123548387
8,7,4,56.0,5.00149206349
8,7,4,57.0,5.012690625
8,7,4,58.0,5.02566153846
8,7,4,59.0,5.02629393939
8,7,4,60.0,5.02735223881
8,7,4,61.0,5.04469705882
8,7,4,62.0,5.05497971014
8,7,4,63.0,5.05044857143
